Botanical Name,Expected Common Name,Wikipedia Page link,Image urls
Abelmoschus esculentus,Okra,https://en.wikipedia.org/wiki/Okra,https://upload.wikimedia.org/wikipedia/commons/3/3e/Giant_okra_plant.jpg https://upload.wikimedia.org/wikipedia/commons/9/95/Hong_Kong_Okra_Aug_25_2012.JPG https://upload.wikimedia.org/wikipedia/commons/3/32/Ladies%27_Finger_BNC.jpg https://upload.wikimedia.org/wikipedia/commons/7/7a/Ladies_finger_bharta.jpg https://upload.wikimedia.org/wikipedia/commons/f/f4/Mmm..._gumbo_%287858028252%29_%282%29.jpg https://upload.wikimedia.org/wikipedia/commons/4/4a/Okra%28Abelmoschus_esculentus%29.JPG https://upload.wikimedia.org/wikipedia/commons/1/12/Okra_%28Abelmoschus_esculentus%29_cross-section_-_20080613.png https://upload.wikimedia.org/wikipedia/commons/4/4c/Okra_blossom_with_pollen.png https://upload.wikimedia.org/wikipedia/commons/6/6e/Okra_seedling%2C_hydroponic%2C_7days.JPG https://upload.wikimedia.org/wikipedia/commons/7/78/Okra_with_corriander.png https://upload.wikimedia.org/wikipedia/commons/d/de/Pollens_of_Abelmoschus_esculentus.jpg https://upload.wikimedia.org/wikipedia/commons/7/74/Red_Pencil_Icon.png https://upload.wikimedia.org/wikipedia/commons/3/38/Stir-Fried-Okra-2008.jpg https://upload.wikimedia.org/wikipedia/commons/d/df/Wikibooks-logo-en-noslogan.svg https://upload.wikimedia.org/wikipedia/commons/9/99/Wiktionary-logo-en-v2.svg https://upload.wikimedia.org/wikipedia/commons/4/46/%D0%9C%D0%B0%D0%BD%D1%9F%D0%B0_%D0%BE%D0%B4_%D0%B1%D0%B0%D0%BC%D1%98%D0%B8.jpg https://upload.wikimedia.org/wikipedia/commons/1/13/%E0%B0%AC%E0%B1%86%E0%B0%82%E0%B0%A1%E0%B0%95%E0%B0%BE%E0%B0%AF_%E0%B0%AA%E0%B1%8B%E0%B0%AA%E0%B1%81_%E0%B0%95%E0%B1%82%E0%B0%B0.jpg https://upload.wikimedia.org/wikipedia/en/4/4a/Commons-logo.svg https://upload.wikimedia.org/wikipedia/en/8/8a/OOjs_UI_icon_edit-ltr-progressive.svg https://upload.wikimedia.org/wikipedia/en/9/99/Question_book-new.svg
Abelmoschus manihot,Abelmoschus manihot,https://en.wikipedia.org/wiki/Abelmoschus_manihot,https://upload.wikimedia.org/wikipedia/commons/7/7b/Abelmoschus_manihot_%285171146007%29.jpg https://upload.wikimedia.org/wikipedia/commons/6/6b/Abelmoschus_manihot_ssp_tetraphyllus_W_IMG_2157.jpg https://upload.wikimedia.org/wikipedia/commons/7/74/Red_Pencil_Icon.png https://upload.wikimedia.org/wikipedia/en/8/8a/OOjs_UI_icon_edit-ltr-progressive.svg https://upload.wikimedia.org/wikipedia/en/9/99/Question_book-new.svg
Abelmoschus moschatus,Abelmoschus moschatus,https://en.wikipedia.org/wiki/Abelmoschus_moschatus,https://upload.wikimedia.org/wikipedia/commons/b/b2/Abelmoschi1.JPG https://upload.wikimedia.org/wikipedia/commons/8/86/Abelmoschus_moschatus_Blanco2.245.png https://upload.wikimedia.org/wikipedia/commons/7/74/Red_Pencil_Icon.png https://upload.wikimedia.org/wikipedia/commons/c/c6/The_Botanist09.jpg
Abies homolepis,Abies homolepis,https://en.wikipedia.org/wiki/Abies_homolepis,https://upload.wikimedia.org/wikipedia/commons/8/82/Abies_homolepis_cones.jpg https://upload.wikimedia.org/wikipedia/commons/7/74/Red_Pencil_Icon.png https://upload.wikimedia.org/wikipedia/commons/5/5b/Status_iucn3.1_NT.svg https://upload.wikimedia.org/wikipedia/en/4/4a/Commons-logo.svg
Acanthus mollis,Acanthus mollis,https://en.wikipedia.org/wiki/Acanthus_mollis,https://upload.wikimedia.org/wikipedia/commons/0/07/126_rue_de_rivoli_Paris_2012_07.jpg https://upload.wikimedia.org/wikipedia/commons/1/11/2007-07-13Acanthus09.jpg https://upload.wikimedia.org/wikipedia/commons/b/b8/Acanthaceae_-_Acanthus_mollis-2.JPG https://upload.wikimedia.org/wikipedia/commons/f/f7/Acanthaceae_-_Acanthus_mollis-3.JPG https://upload.wikimedia.org/wikipedia/commons/e/e2/Acanthaceae_-_Acanthus_mollis-4.JPG https://upload.wikimedia.org/wikipedia/commons/6/64/Acanthaceae_-_Acanthus_mollis.JPG https://upload.wikimedia.org/wikipedia/commons/8/8b/Acanthaceae_-_Acanthus_mollis_%282%29.JPG https://upload.wikimedia.org/wikipedia/commons/7/72/Acanthus_mollis5.jpg https://upload.wikimedia.org/wikipedia/commons/0/02/Acanthus_mollis_MHNT.BOT.2007.43.58.jpg https://upload.wikimedia.org/wikipedia/commons/f/f4/Acanthus_mollis_flower.JPG https://upload.wikimedia.org/wikipedia/commons/1/15/Acanthus_mollis_flower_parts_text.jpg https://upload.wikimedia.org/wikipedia/commons/0/02/Acanthus_mollis_inflorescence.JPG https://upload.wikimedia.org/wikipedia/commons/8/80/AcanthusmollisPalatineHill.jpg https://upload.wikimedia.org/wikipedia/commons/6/66/Bear%27s_breeches_at_BBG_%2850819%29.jpg https://upload.wikimedia.org/wikipedia/commons/7/74/Red_Pencil_Icon.png https://upload.wikimedia.org/wikipedia/commons/a/a4/Text_document_with_red_question_mark.svg https://upload.wikimedia.org/wikipedia/commons/d/df/Wikispecies-logo.svg https://upload.wikimedia.org/wikipedia/en/4/4a/Commons-logo.svg
Acanthus spinosus,Acanthus spinosus,https://en.wikipedia.org/wiki/Acanthus_spinosus,https://upload.wikimedia.org/wikipedia/commons/a/a3/Acanthus_spinosus_leaf.jpg https://upload.wikimedia.org/wikipedia/commons/d/d6/Acanthus_spinosus_opening.jpg https://upload.wikimedia.org/wikipedia/commons/f/fa/P1000255_Acanthus_spinosus_%28Spiny_bear%27s_breeches%29_%28Acanthaceae%29_Plant.JPG https://upload.wikimedia.org/wikipedia/commons/7/74/Red_Pencil_Icon.png
Acer buergerianum,Acer buergerianum,https://en.wikipedia.org/wiki/Acer_buergerianum,https://upload.wikimedia.org/wikipedia/commons/b/b0/Acer_buergerianum_leaf.jpg https://upload.wikimedia.org/wikipedia/commons/6/6c/Acer_buergerianum_seeds.jpg https://upload.wikimedia.org/wikipedia/commons/3/3f/Morris_Arboretum_Acer_buergerianum.JPG https://upload.wikimedia.org/wikipedia/commons/a/a2/Trident_Maple_Acer_buegerianum_Bark_Horizontal.JPG https://upload.wikimedia.org/wikipedia/commons/e/e1/BonsaiTridentMaple.jpg https://upload.wikimedia.org/wikipedia/en/4/4a/Commons-logo.svg
Acer campestre,Acer campestre,https://en.wikipedia.org/wiki/Acer_campestre,https://upload.wikimedia.org/wikipedia/commons/f/f5/237_Acer_campestre.jpg https://upload.wikimedia.org/wikipedia/commons/b/b8/Acer-campestre-flowers.JPG https://upload.wikimedia.org/wikipedia/commons/8/8a/Acer-campestre.JPG https://upload.wikimedia.org/wikipedia/commons/6/62/Acer_campestre_%284%29.JPG https://upload.wikimedia.org/wikipedia/commons/e/ec/Acer_campestre_001.jpg https://upload.wikimedia.org/wikipedia/commons/2/26/Acer_campestre_002.jpg https://upload.wikimedia.org/wikipedia/commons/9/9f/Acer_campestre_003.jpg https://upload.wikimedia.org/wikipedia/commons/6/6c/Acer_campestre_004.jpg https://upload.wikimedia.org/wikipedia/commons/6/66/Acer_campestre_005.jpg https://upload.wikimedia.org/wikipedia/commons/d/df/Acer_campestre_006.jpg https://upload.wikimedia.org/wikipedia/commons/5/50/Acer_campestre_007.jpg https://upload.wikimedia.org/wikipedia/commons/3/36/Acer_campestre_008.jpg https://upload.wikimedia.org/wikipedia/commons/c/c5/Acer_campestre_009.jpg https://upload.wikimedia.org/wikipedia/commons/2/2d/Acer_campestre_010.jpg https://upload.wikimedia.org/wikipedia/commons/1/1a/Acer_campestre_Weinsberg_20070419_1.jpg https://upload.wikimedia.org/wikipedia/commons/a/af/Acer_campestre_in_Appennino2.jpg https://upload.wikimedia.org/wikipedia/commons/b/bb/Acer_campestre_range.svg https://upload.wikimedia.org/wikipedia/commons/4/4e/Acer_campestrie_L_ag1.jpg https://upload.wikimedia.org/wikipedia/commons/0/0d/Acer_campestris1.jpg https://upload.wikimedia.org/wikipedia/commons/0/0e/Entzia_-_Acer_Campestre_02.jpg https://upload.wikimedia.org/wikipedia/commons/a/a0/FeldahornBlatt.jpg https://upload.wikimedia.org/wikipedia/commons/6/61/Field_maple.JPG https://upload.wikimedia.org/wikipedia/commons/7/74/Red_Pencil_Icon.png https://upload.wikimedia.org/wikipedia/en/4/4a/Commons-logo.svg
Acer cissifolium,Acer cissifolium,https://en.wikipedia.org/wiki/Acer_cissifolium,https://upload.wikimedia.org/wikipedia/commons/d/d8/Acer_cissifolium_JPG1.jpg https://upload.wikimedia.org/wikipedia/commons/e/e5/Acer_cissifolium_Morton_1073-58-1.jpg
Acer japonicum,Acer japonicum,https://en.wikipedia.org/wiki/Acer_japonicum,https://upload.wikimedia.org/wikipedia/commons/7/7b/Acer_japonicum_Rog%C3%B3w.JPG https://upload.wikimedia.org/wikipedia/commons/6/6a/Acer_japonicum_aconitifolium_fall_color.JPG https://upload.wikimedia.org/wikipedia/en/4/4a/Commons-logo.svg
Acer macrophyllum,Acer macrophyllum,https://en.wikipedia.org/wiki/Acer_macrophyllum,https://upload.wikimedia.org/wikipedia/commons/d/df/%22WORLD%27S_LARGEST_BIGLEAF_MAPLE%22_IN_ENGLISH_CAMP_-_NARA_-_545275.jpg https://upload.wikimedia.org/wikipedia/commons/c/c7/Acer_macrophyllum_1.jpg https://upload.wikimedia.org/wikipedia/commons/6/65/Acer_macrophyllum_1199.jpg https://upload.wikimedia.org/wikipedia/commons/1/1a/Acer_macrophyllum_2.jpg https://upload.wikimedia.org/wikipedia/commons/f/fc/Acer_macrophyllum_6.jpg https://upload.wikimedia.org/wikipedia/commons/f/fe/Acer_macrophyllum_leaf.jpg https://upload.wikimedia.org/wikipedia/commons/1/12/Acer_macrophyllum_range_map_1.png https://upload.wikimedia.org/wikipedia/commons/a/a1/MossesHohRainForest_7306.jpg https://upload.wikimedia.org/wikipedia/commons/5/5a/Status_iucn3.1_LC.svg https://upload.wikimedia.org/wikipedia/commons/b/b4/Tall_bigleaf_maple.JPG https://upload.wikimedia.org/wikipedia/en/4/4a/Commons-logo.svg
Acer pensylvanicum,Acer pensylvanicum,https://en.wikipedia.org/wiki/Acer_pensylvanicum,https://upload.wikimedia.org/wikipedia/commons/4/40/2006-07-15%2C_moosewood_close-up.jpg https://upload.wikimedia.org/wikipedia/commons/f/fc/Acer_pensylvanicum_range_map.png https://upload.wikimedia.org/wikipedia/commons/5/5a/Moosewood_leaves.jpg https://upload.wikimedia.org/wikipedia/commons/7/74/Red_Pencil_Icon.png https://upload.wikimedia.org/wikipedia/commons/5/5a/Status_iucn3.1_LC.svg https://upload.wikimedia.org/wikipedia/en/4/4a/Commons-logo.svg
Acer pseudoplatanus,Acer pseudoplatanus,https://en.wikipedia.org/wiki/Acer_pseudoplatanus,https://upload.wikimedia.org/wikipedia/commons/f/fb/Acer_pseudoplatanusAA.jpg https://upload.wikimedia.org/wikipedia/commons/c/cd/Acer_pseudoplatanus_005.jpg https://upload.wikimedia.org/wikipedia/commons/3/38/Acer_pseudoplatanus_Chaltenbrunnen.jpg https://upload.wikimedia.org/wikipedia/commons/6/6b/Acer_pseudoplatanus_buds_01.jpg https://upload.wikimedia.org/wikipedia/commons/0/08/Acer_pseudoplatanus_range.svg https://upload.wikimedia.org/wikipedia/commons/1/12/Acer_pseudoplatanus_textura_del_tronco.jpg https://upload.wikimedia.org/wikipedia/commons/1/1b/Ahornallee_zwischen_Altweitra_und_H%C3%B6rmanns_2017-10.jpg https://upload.wikimedia.org/wikipedia/commons/7/74/Red_Pencil_Icon.png https://upload.wikimedia.org/wikipedia/commons/a/a4/RhytismaAcerinumDetailU.jpg https://upload.wikimedia.org/wikipedia/commons/7/7f/The_Martyrs_tree_-_geograph.org.uk_-_1277399.jpg https://upload.wikimedia.org/wikipedia/commons/d/df/Wikispecies-logo.svg https://upload.wikimedia.org/wikipedia/en/4/4a/Commons-logo.svg https://upload.wikimedia.org/wikipedia/en/8/8a/OOjs_UI_icon_edit-ltr-progressive.svg https://upload.wikimedia.org/wikipedia/en/9/94/Symbol_support_vote.svg
Achillea ageratifolia,Achillea ageratifolia,https://en.wikipedia.org/wiki/Achillea_ageratifolia,https://upload.wikimedia.org/wikipedia/commons/0/0f/Achillea_ageratifolia_2.JPG https://upload.wikimedia.org/wikipedia/commons/8/87/Galinsoga.ciliata.1.jpg https://upload.wikimedia.org/wikipedia/commons/7/74/Red_Pencil_Icon.png https://upload.wikimedia.org/wikipedia/en/4/4a/Commons-logo.svg
Achillea filipendulina,Achillea filipendulina,https://en.wikipedia.org/wiki/Achillea_filipendulina,https://upload.wikimedia.org/wikipedia/commons/d/d3/Achillea_filipendula_cap%C3%ADtulos.jpg https://upload.wikimedia.org/wikipedia/commons/7/74/Red_Pencil_Icon.png https://upload.wikimedia.org/wikipedia/en/4/4a/Commons-logo.svg
Achillea sibirica,Achillea alpina,https://en.wikipedia.org/wiki/Achillea_alpina,https://upload.wikimedia.org/wikipedia/commons/d/df/Achillea_sibirica_flowers_001.jpg https://upload.wikimedia.org/wikipedia/commons/8/87/Galinsoga.ciliata.1.jpg https://upload.wikimedia.org/wikipedia/commons/7/74/Red_Pencil_Icon.png https://upload.wikimedia.org/wikipedia/en/4/4a/Commons-logo.svg
Aconitum carmichaelii,Aconitum,https://en.wikipedia.org/wiki/Aconitum,https://upload.wikimedia.org/wikipedia/commons/8/84/Aconitum-noveboracense01.jpg https://upload.wikimedia.org/wikipedia/commons/e/e5/Aconitum-reclinatum01.jpg https://upload.wikimedia.org/wikipedia/commons/6/60/Aconitum-uncinatum01.jpg https://upload.wikimedia.org/wikipedia/commons/3/33/Aconitum_in_its_natural_habitat.png https://upload.wikimedia.org/wikipedia/commons/8/86/Aconitum_napellus01.jpg https://upload.wikimedia.org/wikipedia/commons/f/ff/Aconitum_variegatum_110807f.jpg https://upload.wikimedia.org/wikipedia/commons/3/35/Aconitum_vulparia_opened_flower.jpg https://upload.wikimedia.org/wikipedia/commons/c/c4/Alaskan_Monkshood_Leaf.jpg https://upload.wikimedia.org/wikipedia/commons/8/87/Bushi2012.jpg https://upload.wikimedia.org/wikipedia/commons/f/f7/Delphinieae_cladogram.png https://upload.wikimedia.org/wikipedia/commons/d/dd/Monkshood.jpg https://upload.wikimedia.org/wikipedia/commons/7/74/Red_Pencil_Icon.png https://upload.wikimedia.org/wikipedia/commons/4/4c/Wikisource-logo.svg https://upload.wikimedia.org/wikipedia/commons/d/df/Wikispecies-logo.svg https://upload.wikimedia.org/wikipedia/en/4/4a/Commons-logo.svg
Aconitum napellus,Aconitum napellus,https://en.wikipedia.org/wiki/Aconitum_napellus,https://upload.wikimedia.org/wikipedia/commons/5/5e/Aconitum_napellus_230705.jpg https://upload.wikimedia.org/wikipedia/commons/7/74/Red_Pencil_Icon.png https://upload.wikimedia.org/wikipedia/commons/f/fb/SeedsAconitumnepellus.jpg https://upload.wikimedia.org/wikipedia/commons/5/5a/Status_iucn3.1_LC.svg https://upload.wikimedia.org/wikipedia/commons/4/4c/Wikisource-logo.svg https://upload.wikimedia.org/wikipedia/en/4/4a/Commons-logo.svg
Acorus calamus,Acorus calamus,https://en.wikipedia.org/wiki/Acorus_calamus,https://upload.wikimedia.org/wikipedia/commons/e/e2/Absinthe-glass.jpg https://upload.wikimedia.org/wikipedia/commons/a/ae/AcorusCalamus2.jpg https://upload.wikimedia.org/wikipedia/commons/3/37/Acorus_calamus1.jpg https://upload.wikimedia.org/wikipedia/commons/2/25/Illustration_Acorus_calamus0.jpg https://upload.wikimedia.org/wikipedia/commons/7/74/Red_Pencil_Icon.png https://upload.wikimedia.org/wikipedia/commons/5/5a/Status_iucn3.1_LC.svg https://upload.wikimedia.org/wikipedia/en/4/4a/Commons-logo.svg https://upload.wikimedia.org/wikipedia/en/8/8a/OOjs_UI_icon_edit-ltr-progressive.svg
Actaea pachypoda,Actaea pachypoda,https://en.wikipedia.org/wiki/Actaea_pachypoda,https://upload.wikimedia.org/wikipedia/commons/0/08/Actaea-pachypoda.jpg https://upload.wikimedia.org/wikipedia/commons/b/bd/Actaea_pachypoda_%281%29.jpg https://upload.wikimedia.org/wikipedia/commons/8/8a/Creeping_butercup_close_800.jpg https://upload.wikimedia.org/wikipedia/commons/7/74/Red_Pencil_Icon.png https://upload.wikimedia.org/wikipedia/commons/a/a4/Text_document_with_red_question_mark.svg https://upload.wikimedia.org/wikipedia/en/4/4a/Commons-logo.svg
Actaea podocarpa,Actaea podocarpa,https://en.wikipedia.org/wiki/Actaea_podocarpa,https://upload.wikimedia.org/wikipedia/commons/4/4e/Actaea_podocarpa.jpg https://upload.wikimedia.org/wikipedia/commons/8/8a/Creeping_butercup_close_800.jpg https://upload.wikimedia.org/wikipedia/commons/7/74/Red_Pencil_Icon.png
Actaea racemosa,Actaea racemosa,https://en.wikipedia.org/wiki/Actaea_racemosa,https://upload.wikimedia.org/wikipedia/commons/3/34/Actaea_racemosa_002.JPG https://upload.wikimedia.org/wikipedia/commons/1/19/Cimicifuga_racemosa_002.jpg https://upload.wikimedia.org/wikipedia/commons/f/ff/Cimigenol_stereo.svg https://upload.wikimedia.org/wikipedia/commons/7/7c/Formononetin-1.svg https://upload.wikimedia.org/wikipedia/commons/7/74/Red_Pencil_Icon.png https://upload.wikimedia.org/wikipedia/commons/2/2a/Status_TNC_G4.svg https://upload.wikimedia.org/wikipedia/en/4/4a/Commons-logo.svg
Adiantum pedatum,Adiantum pedatum,https://en.wikipedia.org/wiki/Adiantum_pedatum,https://upload.wikimedia.org/wikipedia/commons/f/f6/Adiantum_pedatum_%28homeredwardprice%29_001.jpg https://upload.wikimedia.org/wikipedia/commons/7/74/Red_Pencil_Icon.png https://upload.wikimedia.org/wikipedia/commons/9/97/Silver-fern.jpg https://upload.wikimedia.org/wikipedia/commons/5/50/Status_TNC_G5.svg
Adiantum raddianum,Adiantum raddianum,https://en.wikipedia.org/wiki/Adiantum_raddianum,https://upload.wikimedia.org/wikipedia/commons/f/f0/Adiantum_fragrans_%28aka%29.jpg https://upload.wikimedia.org/wikipedia/commons/f/f3/Adiantumraddianum1web.jpg https://upload.wikimedia.org/wikipedia/commons/9/97/Silver-fern.jpg https://upload.wikimedia.org/wikipedia/commons/4/45/Starr_030807-0143_Adiantum_raddianum.jpg https://upload.wikimedia.org/wikipedia/commons/e/ef/Starr_041229-2751_Adiantum_raddianum.jpg https://upload.wikimedia.org/wikipedia/en/4/4a/Commons-logo.svg
Aechmea fasciata,Aechmea fasciata,https://en.wikipedia.org/wiki/Aechmea_fasciata,https://upload.wikimedia.org/wikipedia/commons/2/23/Aechmea_fasciata2.jpg https://upload.wikimedia.org/wikipedia/en/4/4a/Commons-logo.svg
Aeonium undulatum,Aeonium undulatum,https://en.wikipedia.org/wiki/Aeonium_undulatum,https://upload.wikimedia.org/wikipedia/commons/4/4e/Aeonium_undulatum_092.JPG https://upload.wikimedia.org/wikipedia/commons/4/47/Aeonium_undulatum_flower_head_4.jpg https://upload.wikimedia.org/wikipedia/commons/8/86/Loch_p17klein.jpg https://upload.wikimedia.org/wikipedia/commons/7/74/Red_Pencil_Icon.png
Aesculus californica,Aesculus californica,https://en.wikipedia.org/wiki/Aesculus_californica,https://upload.wikimedia.org/wikipedia/commons/6/67/Aesculus_californica-29.jpg https://upload.wikimedia.org/wikipedia/commons/2/29/Aesculus_californica_Mt_Burdell.jpg https://upload.wikimedia.org/wikipedia/commons/d/d8/Aesculus_californica_range_map_1.png https://upload.wikimedia.org/wikipedia/commons/1/11/Californicaspike.JPG https://upload.wikimedia.org/wikipedia/commons/7/74/Red_Pencil_Icon.png https://upload.wikimedia.org/wikipedia/en/4/4a/Commons-logo.svg
Aesculus carnea,Aesculus Ã— carnea,https://en.wikipedia.org/wiki/Aesculus_%C3%97_carnea,https://upload.wikimedia.org/wikipedia/commons/f/f6/Acer_rubrum.jpg https://upload.wikimedia.org/wikipedia/commons/4/48/Aesculus_carnea_BotGartenMuenster_PurpurKastanie_6685.jpg https://upload.wikimedia.org/wikipedia/commons/7/74/Red_Pencil_Icon.png https://upload.wikimedia.org/wikipedia/en/4/4a/Commons-logo.svg
Aesculus flava,Aesculus flava,https://en.wikipedia.org/wiki/Aesculus_flava,https://upload.wikimedia.org/wikipedia/commons/1/1e/Aesculus_flava-leaf.jpg https://upload.wikimedia.org/wikipedia/commons/e/ee/Aesculus_flava2.jpg https://upload.wikimedia.org/wikipedia/commons/7/7e/Aesculus_flava_range_map_1.png https://upload.wikimedia.org/wikipedia/commons/7/74/Red_Pencil_Icon.png https://upload.wikimedia.org/wikipedia/commons/5/5a/Status_iucn3.1_LC.svg https://upload.wikimedia.org/wikipedia/commons/7/73/Yellow_buckeye_fruits.jpg https://upload.wikimedia.org/wikipedia/en/c/c4/Aesculus_octandra_bark.jpg https://upload.wikimedia.org/wikipedia/en/d/d6/Aesculus_octandra_flower.jpg https://upload.wikimedia.org/wikipedia/en/4/4a/Commons-logo.svg
Aesculus glabra,Aesculus glabra,https://en.wikipedia.org/wiki/Aesculus_glabra,https://upload.wikimedia.org/wikipedia/commons/c/c5/AesculusGlabraBark.jpg https://upload.wikimedia.org/wikipedia/commons/1/12/Aesculus_glabra_USDA.jpg https://upload.wikimedia.org/wikipedia/commons/d/db/Aesculus_glabra_range_map_1.png https://upload.wikimedia.org/wikipedia/commons/4/41/Aesculus_glabra_seeds.png https://upload.wikimedia.org/wikipedia/commons/5/53/Aesculus_glabra_var._glabra.jpg https://upload.wikimedia.org/wikipedia/commons/3/33/Buckeye_Covers_emblem.jpg https://upload.wikimedia.org/wikipedia/commons/7/74/Red_Pencil_Icon.png https://upload.wikimedia.org/wikipedia/commons/5/5a/Status_iucn3.1_LC.svg https://upload.wikimedia.org/wikipedia/en/4/4a/Commons-logo.svg
Aesculus sylvatica,Aesculus sylvatica,https://en.wikipedia.org/wiki/Aesculus_sylvatica,https://upload.wikimedia.org/wikipedia/commons/f/f6/Acer_rubrum.jpg https://upload.wikimedia.org/wikipedia/commons/d/d0/Aesculus_sylvatica_range_map_1.png https://upload.wikimedia.org/wikipedia/commons/5/51/Painted_buckeye_Aesculus_sylvatica_flowers_leaves.jpg https://upload.wikimedia.org/wikipedia/commons/7/74/Red_Pencil_Icon.png https://upload.wikimedia.org/wikipedia/en/4/4a/Commons-logo.svg
Agalinis tenuifolia,Agalinis tenuifolia,https://en.wikipedia.org/wiki/Agalinis_tenuifolia,https://upload.wikimedia.org/wikipedia/commons/0/00/Agalinis_tenuifolia_2.jpg https://upload.wikimedia.org/wikipedia/commons/6/6c/Agalinis_tenuifolia_drawing.png https://upload.wikimedia.org/wikipedia/commons/7/74/Red_Pencil_Icon.png
Agastache cana,Agastache cana,https://en.wikipedia.org/wiki/Agastache_cana,https://upload.wikimedia.org/wikipedia/commons/d/d2/Distribution_of_Agastache_cana.png https://upload.wikimedia.org/wikipedia/commons/b/be/Hummingbird_Mint_%283492685253%29.jpg https://upload.wikimedia.org/wikipedia/commons/7/74/Red_Pencil_Icon.png
Agastache nepetoides,Agastache,https://en.wikipedia.org/wiki/Agastache,https://upload.wikimedia.org/wikipedia/commons/9/93/Agastache_aurantiaca_%2810498944733%29.jpg https://upload.wikimedia.org/wikipedia/commons/1/10/Agastache_nepetoides_drawing.png https://upload.wikimedia.org/wikipedia/commons/2/29/Agastache_rupestris2_lg.jpg https://upload.wikimedia.org/wikipedia/commons/8/86/Hoverfly_on_Agastache_Blue_Fortune.jpg https://upload.wikimedia.org/wikipedia/commons/7/74/Red_Pencil_Icon.png https://upload.wikimedia.org/wikipedia/en/4/4a/Commons-logo.svg
Ageratina altissima,Ageratina altissima,https://en.wikipedia.org/wiki/Ageratina_altissima,https://upload.wikimedia.org/wikipedia/commons/3/32/Agal5.png https://upload.wikimedia.org/wikipedia/commons/0/0a/Ageratina_altissima_002.JPG https://upload.wikimedia.org/wikipedia/commons/e/ec/Eupatorium-rugosum-flowers.JPG https://upload.wikimedia.org/wikipedia/commons/7/74/Red_Pencil_Icon.png https://upload.wikimedia.org/wikipedia/commons/5/50/Status_TNC_G5.svg https://upload.wikimedia.org/wikipedia/commons/d/df/Wikispecies-logo.svg https://upload.wikimedia.org/wikipedia/en/4/4a/Commons-logo.svg
Aleurites moluccanus,Aleurites moluccanus,https://en.wikipedia.org/wiki/Aleurites_moluccanus,https://upload.wikimedia.org/wikipedia/commons/f/f7/2015_Baha_Liurai_-_candle_nut_sticks.JPG https://upload.wikimedia.org/wikipedia/commons/a/a5/Aleurites_moluccana_flower4.jpg https://upload.wikimedia.org/wikipedia/commons/8/86/Candle_nuts_%28kemiri%29.jpg https://upload.wikimedia.org/wikipedia/commons/7/74/Red_Pencil_Icon.png https://upload.wikimedia.org/wikipedia/commons/5/58/Starr_020803-0119_Aleurites_moluccana.jpg https://upload.wikimedia.org/wikipedia/commons/5/5a/Status_iucn3.1_LC.svg https://upload.wikimedia.org/wikipedia/commons/f/f9/The_young_leaves_of_Aleurites_moluccana.JPG https://upload.wikimedia.org/wikipedia/en/4/4a/Commons-logo.svg
Alisma triviale,Alisma triviale,https://en.wikipedia.org/wiki/Alisma_triviale,https://upload.wikimedia.org/wikipedia/commons/7/75/Alisma_triviale.jpg https://upload.wikimedia.org/wikipedia/commons/d/d1/Alisma_triviale_drawing.png https://upload.wikimedia.org/wikipedia/commons/e/ec/Elodea_canadensis.jpeg https://upload.wikimedia.org/wikipedia/commons/7/74/Red_Pencil_Icon.png https://upload.wikimedia.org/wikipedia/commons/5/5a/Status_iucn3.1_LC.svg
Allium ampeloprasum,Allium ampeloprasum,https://en.wikipedia.org/wiki/Allium_ampeloprasum,https://upload.wikimedia.org/wikipedia/commons/8/81/A.ampeloprasum_1.jpg https://upload.wikimedia.org/wikipedia/commons/7/77/Allium_ampeloprasum_MHNT.BOT.2006.46.12.jpg https://upload.wikimedia.org/wikipedia/commons/5/57/Elephant_Garlic_%28Allium_ampeloprasum%29.jpg https://upload.wikimedia.org/wikipedia/commons/a/a2/Elephant_Garlic_%28Allium_ampeloprasum%29_2.jpg https://upload.wikimedia.org/wikipedia/commons/2/22/Iridaceae_-_Allium_neapolitanum_%288303567329%29.jpg https://upload.wikimedia.org/wikipedia/commons/b/bb/Porri_IMG_0175.JPG https://upload.wikimedia.org/wikipedia/commons/7/74/Red_Pencil_Icon.png https://upload.wikimedia.org/wikipedia/commons/5/5a/Status_iucn3.1_LC.svg https://upload.wikimedia.org/wikipedia/en/4/4a/Commons-logo.svg https://upload.wikimedia.org/wikipedia/en/4/48/Folder_Hexagonal_Icon.svg
Allium cepa,Onion,https://en.wikipedia.org/wiki/Onion,https://upload.wikimedia.org/wikipedia/commons/9/93/ARS_red_onion.jpg https://upload.wikimedia.org/wikipedia/commons/6/66/An_onion%2C_woodcut%2C_1547_Wellcome_L0029214.jpg https://upload.wikimedia.org/wikipedia/commons/1/1a/Cells_from_a_red_onion_epidermal_peel.tif https://upload.wikimedia.org/wikipedia/commons/4/48/Cipollatropea.jpg https://upload.wikimedia.org/wikipedia/commons/5/52/Cortando_cebolla.jpg https://upload.wikimedia.org/wikipedia/commons/3/39/Field_with_onions.jpg https://upload.wikimedia.org/wikipedia/commons/f/fe/Flag_of_Egypt.svg https://upload.wikimedia.org/wikipedia/commons/c/ca/Flag_of_Iran.svg https://upload.wikimedia.org/wikipedia/commons/b/b4/Flag_of_Turkey.svg https://upload.wikimedia.org/wikipedia/commons/f/fa/Flag_of_the_People%27s_Republic_of_China.svg https://upload.wikimedia.org/wikipedia/commons/6/68/Frying_onion.JPG https://upload.wikimedia.org/wikipedia/commons/2/22/Iridaceae_-_Allium_neapolitanum_%288303567329%29.jpg https://upload.wikimedia.org/wikipedia/commons/a/a2/Mixed_onions.jpg https://upload.wikimedia.org/wikipedia/commons/c/c3/Onion_mother_plants_%28bulbs%29_for_production_seeds.jpg https://upload.wikimedia.org/wikipedia/commons/7/74/Red_Pencil_Icon.png https://upload.wikimedia.org/wikipedia/commons/d/d3/Tranby_house_31_gnangarra.jpg https://upload.wikimedia.org/wikipedia/commons/d/da/Uienvlieg_maden.jpg https://upload.wikimedia.org/wikipedia/commons/d/df/Wikibooks-logo-en-noslogan.svg https://upload.wikimedia.org/wikipedia/commons/9/99/Wiktionary-logo-en-v2.svg https://upload.wikimedia.org/wikipedia/commons/7/72/%E0%B0%89%E0%B0%B2%E0%B1%8D%E0%B0%B2%E0%B0%BF%E0%B0%AA%E0%B0%BE%E0%B0%AF_%E0%B0%95%E0%B0%BE%E0%B0%B0%E0%B0%82_%282%29.jpg https://upload.wikimedia.org/wikipedia/en/4/4a/Commons-logo.svg https://upload.wikimedia.org/wikipedia/en/4/41/Flag_of_India.svg https://upload.wikimedia.org/wikipedia/en/f/f3/Flag_of_Russia.svg https://upload.wikimedia.org/wikipedia/en/a/a4/Flag_of_the_United_States.svg https://upload.wikimedia.org/wikipedia/en/4/48/Folder_Hexagonal_Icon.svg https://upload.wikimedia.org/wikipedia/en/9/94/Symbol_support_vote.svg
Allium moly,Allium moly,https://en.wikipedia.org/wiki/Allium_moly,https://upload.wikimedia.org/wikipedia/commons/4/4d/Allium-moly.JPG https://upload.wikimedia.org/wikipedia/commons/4/4c/Arabic_herbal_medicine_guidebook.jpeg https://upload.wikimedia.org/wikipedia/commons/7/74/Red_Pencil_Icon.png https://upload.wikimedia.org/wikipedia/commons/5/5a/Status_iucn3.1_LC.svg https://upload.wikimedia.org/wikipedia/commons/d/d9/Zephyranthes_candida_Osaka.jpg https://upload.wikimedia.org/wikipedia/en/4/4a/Commons-logo.svg
Allium stellatum,Allium stellatum,https://en.wikipedia.org/wiki/Allium_stellatum,https://upload.wikimedia.org/wikipedia/commons/1/19/Allium_stellatum_TN.jpg https://upload.wikimedia.org/wikipedia/commons/0/0d/Allium_stellatum_illustration.svg https://upload.wikimedia.org/wikipedia/commons/2/22/Iridaceae_-_Allium_neapolitanum_%288303567329%29.jpg https://upload.wikimedia.org/wikipedia/commons/7/74/Red_Pencil_Icon.png https://upload.wikimedia.org/wikipedia/en/4/4a/Commons-logo.svg https://upload.wikimedia.org/wikipedia/en/4/48/Folder_Hexagonal_Icon.svg
Allium ursinum,Allium ursinum,https://en.wikipedia.org/wiki/Allium_ursinum,https://upload.wikimedia.org/wikipedia/commons/8/8b/Allium_ursinum0.jpg https://upload.wikimedia.org/wikipedia/commons/2/22/Iridaceae_-_Allium_neapolitanum_%288303567329%29.jpg https://upload.wikimedia.org/wikipedia/commons/4/45/Photo_of_Allium_Ursinum%2C_wild_garlic%2C_north-west_Hampshire%2C_UK%2C_May_2014.jpg https://upload.wikimedia.org/wikipedia/commons/a/a9/Ramsons_in_the_Zakamensky_district_of_Buryatia%2C_Russia.jpg https://upload.wikimedia.org/wikipedia/commons/7/74/Red_Pencil_Icon.png https://upload.wikimedia.org/wikipedia/commons/d/de/Riis_Skov_%28maj%29_05.JPG https://upload.wikimedia.org/wikipedia/commons/d/df/Wikispecies-logo.svg https://upload.wikimedia.org/wikipedia/commons/a/a1/Wild_garlic_allium_ursinum_arp.jpg https://upload.wikimedia.org/wikipedia/en/4/4a/Commons-logo.svg https://upload.wikimedia.org/wikipedia/en/4/48/Folder_Hexagonal_Icon.svg
Alnus cordata,Alnus cordata,https://en.wikipedia.org/wiki/Alnus_cordata,https://upload.wikimedia.org/wikipedia/commons/9/9c/Alnus_cordata_alder_tree.jpg https://upload.wikimedia.org/wikipedia/commons/1/1e/Alnus_cordata_range.svg https://upload.wikimedia.org/wikipedia/commons/9/91/ItalAlder.jpg https://upload.wikimedia.org/wikipedia/commons/8/8f/ItalAlderFruit.jpg https://upload.wikimedia.org/wikipedia/commons/7/74/Red_Pencil_Icon.png https://upload.wikimedia.org/wikipedia/en/4/4a/Commons-logo.svg
Alnus glutinosa,Alnus glutinosa,https://en.wikipedia.org/wiki/Alnus_glutinosa,https://upload.wikimedia.org/wikipedia/commons/9/97/20120904Schwarzerle_Reilingen01.jpg https://upload.wikimedia.org/wikipedia/commons/e/e2/Alder_nodules2.JPG https://upload.wikimedia.org/wikipedia/commons/0/04/Alkottar.jpg https://upload.wikimedia.org/wikipedia/commons/e/e1/Alnus_glutinosa%2C_Munkholmen.jpg https://upload.wikimedia.org/wikipedia/commons/7/7b/Alnus_glutinosa.jpg https://upload.wikimedia.org/wikipedia/commons/2/28/Alnus_glutinosa_MHNT.BOT.2004.0.10a.jpg https://upload.wikimedia.org/wikipedia/commons/b/b5/Alnus_glutinosa_R0015198.JPG https://upload.wikimedia.org/wikipedia/commons/3/31/Alnus_glutinosa_R0015202.JPG https://upload.wikimedia.org/wikipedia/commons/0/0f/Alnus_glutinosa_range.svg https://upload.wikimedia.org/wikipedia/commons/7/75/Black_alder_in_spring.JPG https://upload.wikimedia.org/wikipedia/commons/0/06/Briesetal_bei_Briese.JPG https://upload.wikimedia.org/wikipedia/commons/d/d1/Eriophyes_inangulis_N_on_upper_surface.JPG https://upload.wikimedia.org/wikipedia/commons/7/74/Red_Pencil_Icon.png https://upload.wikimedia.org/wikipedia/commons/5/5a/Status_iucn3.1_LC.svg https://upload.wikimedia.org/wikipedia/commons/a/a4/Taphrina_amentorum_gall.JPG https://upload.wikimedia.org/wikipedia/commons/8/8e/Taphrina_amentorum_tongue_gall.JPG https://upload.wikimedia.org/wikipedia/commons/a/a0/Unterspreewald-Gross-Wasserburger-Spree-01.jpg https://upload.wikimedia.org/wikipedia/commons/d/df/Wikispecies-logo.svg https://upload.wikimedia.org/wikipedia/en/4/4a/Commons-logo.svg https://upload.wikimedia.org/wikipedia/en/8/8a/OOjs_UI_icon_edit-ltr-progressive.svg https://upload.wikimedia.org/wikipedia/en/9/94/Symbol_support_vote.svg
Alnus japonica,Alnus japonica,https://en.wikipedia.org/wiki/Alnus_japonica,https://upload.wikimedia.org/wikipedia/commons/0/06/Alnus_japonica2.jpg https://upload.wikimedia.org/wikipedia/commons/6/60/Corylus_avellana.jpg https://upload.wikimedia.org/wikipedia/commons/7/74/Red_Pencil_Icon.png https://upload.wikimedia.org/wikipedia/commons/d/df/Wikispecies-logo.svg https://upload.wikimedia.org/wikipedia/en/4/4a/Commons-logo.svg
Alnus maritima,Alnus maritima,https://en.wikipedia.org/wiki/Alnus_maritima,https://upload.wikimedia.org/wikipedia/commons/d/d2/Alnus_maritima_leaves_catkin.jpg https://upload.wikimedia.org/wikipedia/commons/b/bd/Alnus_maritima_range_map_1.png https://upload.wikimedia.org/wikipedia/commons/7/74/Red_Pencil_Icon.png https://upload.wikimedia.org/wikipedia/commons/7/70/Status_iucn3.1_EN.svg
Alnus serrulata,Alnus serrulata,https://en.wikipedia.org/wiki/Alnus_serrulata,https://upload.wikimedia.org/wikipedia/commons/d/db/Alnus_serrulata.jpg https://upload.wikimedia.org/wikipedia/commons/f/f7/Alnus_serrulata_leaves.jpg https://upload.wikimedia.org/wikipedia/commons/0/00/Alnus_serrulata_range_map_1.png https://upload.wikimedia.org/wikipedia/commons/d/de/Alnus_serrulata_seed_cones.jpg https://upload.wikimedia.org/wikipedia/commons/7/74/Red_Pencil_Icon.png https://upload.wikimedia.org/wikipedia/commons/5/5a/Status_iucn3.1_LC.svg https://upload.wikimedia.org/wikipedia/commons/a/a4/Text_document_with_red_question_mark.svg https://upload.wikimedia.org/wikipedia/en/4/4a/Commons-logo.svg
Alpinia galanga,Alpinia galanga,https://en.wikipedia.org/wiki/Alpinia_galanga,https://upload.wikimedia.org/wikipedia/commons/8/88/Alpinia_galanga.jpg https://upload.wikimedia.org/wikipedia/commons/f/f5/Alpinia_galanga_%28L.%29_Willd.jpg https://upload.wikimedia.org/wikipedia/commons/6/65/Gardenology.org-IMG_7562_qsbg11mar.jpg https://upload.wikimedia.org/wikipedia/commons/6/6a/Maranta_galanga_Ypey51.jpg https://upload.wikimedia.org/wikipedia/commons/7/74/Red_Pencil_Icon.png https://upload.wikimedia.org/wikipedia/commons/d/df/Wikispecies-logo.svg
Alstroemeria aurea,Alstroemeria,https://en.wikipedia.org/wiki/Alstroemeria,https://upload.wikimedia.org/wikipedia/commons/3/3b/Alstoemeria_ligtu_splendens_%288383790249%29.jpg https://upload.wikimedia.org/wikipedia/commons/f/f7/Alstroemeria_aurea_%27Saturne%27.jpg https://upload.wikimedia.org/wikipedia/commons/2/26/Alstroemeria_brasiliensis_-_Flickr_-_peganum_%281%29.jpg https://upload.wikimedia.org/wikipedia/commons/3/3b/Alstroemeria_cultivar.jpg https://upload.wikimedia.org/wikipedia/commons/2/22/Alstroemeria_diluta_ssp_chrysantha_11_%2814291511100%29.jpg https://upload.wikimedia.org/wikipedia/commons/f/fe/Alstroemeria_exserens_%289063027475%29.jpg https://upload.wikimedia.org/wikipedia/commons/3/38/Alstroemeria_garaventae.jpg https://upload.wikimedia.org/wikipedia/commons/c/c1/Alstroemeria_hookeri_Lodd._ssp._maculata_by_Pato_Novoa_-_003.jpg https://upload.wikimedia.org/wikipedia/commons/c/c1/Alstroemeria_kingii_%288383813801%29.jpg https://upload.wikimedia.org/wikipedia/commons/a/af/Alstroemeria_leporina_Ehr._Bayer_%26_Grau_%2840130840600%29.jpg https://upload.wikimedia.org/wikipedia/commons/4/48/Alstroemeria_magnifica_-_Flickr_003.jpg https://upload.wikimedia.org/wikipedia/commons/e/e4/Alstroemeria_pelegrina._Mariposa_de_Los_Molles%29.JPG https://upload.wikimedia.org/wikipedia/commons/b/bd/Alstroemeria_plantaginea.jpg https://upload.wikimedia.org/wikipedia/commons/4/44/Alstroemeria_pod_opening.jpg https://upload.wikimedia.org/wikipedia/commons/4/44/Alstroemeria_pulchella_L.f._%28AM_AK307749-1%29.jpg https://upload.wikimedia.org/wikipedia/commons/3/33/Alstroemeria_pulchra_Cuesta_Las_Chilcas_02.JPG https://upload.wikimedia.org/wikipedia/commons/1/12/Alstroemeria_revoluta_Ruiz._y_Pav._%282884616692%29.jpg https://upload.wikimedia.org/wikipedia/commons/8/89/Alstroemeria_spathulata_%2830522003521%29.jpg https://upload.wikimedia.org/wikipedia/commons/9/9b/Alstroemeria_stenopetala.jpg https://upload.wikimedia.org/wikipedia/commons/7/7b/Alstroemeria_umbellata_%285431315792%29.jpg https://upload.wikimedia.org/wikipedia/commons/3/3c/Alstroemeria_versicolor_%288384817557%29.jpg https://upload.wikimedia.org/wikipedia/commons/8/81/Alstroemeria_x_hybrida_capsule_from_above.jpg https://upload.wikimedia.org/wikipedia/commons/b/b9/Amancay_-_Flickr_-_rgamper.jpg https://upload.wikimedia.org/wikipedia/commons/3/30/Mariposa_del_Campo_%283435629865%29.jpg https://upload.wikimedia.org/wikipedia/commons/6/64/Purple_Alstroemeria_capsule_side_view.jpg https://upload.wikimedia.org/wikipedia/commons/7/74/Red_Pencil_Icon.png https://upload.wikimedia.org/wikipedia/commons/d/df/Wikispecies-logo.svg https://upload.wikimedia.org/wikipedia/commons/8/89/Alstroemeria.jpg https://upload.wikimedia.org/wikipedia/commons/a/a7/Alstroemeria_aurantiaca.jpg https://upload.wikimedia.org/wikipedia/en/4/4a/Commons-logo.svg
Alyssum murale,Alyssum,https://en.wikipedia.org/wiki/Alyssum,https://upload.wikimedia.org/wikipedia/commons/3/3b/Alyssum_montanum_ENBLA06.jpg https://upload.wikimedia.org/wikipedia/commons/7/74/Red_Pencil_Icon.png https://upload.wikimedia.org/wikipedia/en/9/99/Question_book-new.svg
Amaranthus caudatus,Amaranthus caudatus,https://en.wikipedia.org/wiki/Amaranthus_caudatus,https://upload.wikimedia.org/wikipedia/commons/7/74/Red_Pencil_Icon.png https://upload.wikimedia.org/wikipedia/commons/4/43/3836_-_Amaranthus_caudatus_%28Zieramaranth%29.JPG https://upload.wikimedia.org/wikipedia/en/4/4a/Commons-logo.svg
Amelanchier arborea,Amelanchier arborea,https://en.wikipedia.org/wiki/Amelanchier_arborea,https://upload.wikimedia.org/wikipedia/commons/3/34/Amelanchier_arborea_leaves.JPG https://upload.wikimedia.org/wikipedia/commons/3/3f/Amelanchier_arborea_range_map_1.png https://upload.wikimedia.org/wikipedia/commons/a/a5/Amelanchier_arborea_sarvis_close.jpg https://upload.wikimedia.org/wikipedia/commons/7/74/Red_Pencil_Icon.png https://upload.wikimedia.org/wikipedia/commons/d/df/Wikispecies-logo.svg https://upload.wikimedia.org/wikipedia/en/4/4a/Commons-logo.svg
Amelanchier laevis,Amelanchier laevis,https://en.wikipedia.org/wiki/Amelanchier_laevis,https://upload.wikimedia.org/wikipedia/commons/d/d0/Amelanchier_laevis.jpg https://upload.wikimedia.org/wikipedia/commons/7/74/Red_Pencil_Icon.png https://upload.wikimedia.org/wikipedia/commons/5/5a/Status_iucn3.1_LC.svg https://upload.wikimedia.org/wikipedia/commons/d/df/Wikispecies-logo.svg https://upload.wikimedia.org/wikipedia/en/4/4a/Commons-logo.svg
Amelanchier lamarckii,Amelanchier lamarckii,https://en.wikipedia.org/wiki/Amelanchier_lamarckii,https://upload.wikimedia.org/wikipedia/commons/3/39/Amelanchier_vulgaris_Sturm10.jpg https://upload.wikimedia.org/wikipedia/commons/9/9a/Busch_Jakobsberg.jpg https://upload.wikimedia.org/wikipedia/commons/b/b9/Felsenbirne_frucht.JPG https://upload.wikimedia.org/wikipedia/commons/7/74/Red_Pencil_Icon.png https://upload.wikimedia.org/wikipedia/en/4/4a/Commons-logo.svg
Amelanchier nantucketensis,Amelanchier,https://en.wikipedia.org/wiki/Amelanchier,https://upload.wikimedia.org/wikipedia/commons/1/1e/Amelanchier_alnifolia_6338.JPG https://upload.wikimedia.org/wikipedia/commons/1/16/Amelanchier_grandiflora2.jpg https://upload.wikimedia.org/wikipedia/commons/c/c8/Amelanchier_ovalis3.JPG https://upload.wikimedia.org/wikipedia/commons/7/74/Red_Pencil_Icon.png https://upload.wikimedia.org/wikipedia/en/9/99/Question_book-new.svg
Amelanchier obovalis,Amelanchier canadensis,https://en.wikipedia.org/wiki/Amelanchier_canadensis,https://upload.wikimedia.org/wikipedia/commons/2/29/Amelanchier_canadensis_berry.jpg https://upload.wikimedia.org/wikipedia/commons/2/28/Amelanchier_canadensis_flower.jpg https://upload.wikimedia.org/wikipedia/commons/7/74/Red_Pencil_Icon.png https://upload.wikimedia.org/wikipedia/commons/5/5a/Status_iucn3.1_LC.svg https://upload.wikimedia.org/wikipedia/commons/9/91/Wikiversity-logo.svg https://upload.wikimedia.org/wikipedia/en/4/4a/Commons-logo.svg
Amelanchier stolonifera,Amelanchier,https://en.wikipedia.org/wiki/Amelanchier,https://upload.wikimedia.org/wikipedia/commons/1/1e/Amelanchier_alnifolia_6338.JPG https://upload.wikimedia.org/wikipedia/commons/1/16/Amelanchier_grandiflora2.jpg https://upload.wikimedia.org/wikipedia/commons/c/c8/Amelanchier_ovalis3.JPG https://upload.wikimedia.org/wikipedia/commons/7/74/Red_Pencil_Icon.png https://upload.wikimedia.org/wikipedia/en/9/99/Question_book-new.svg
Amorpha canescens,Amorpha canescens,https://en.wikipedia.org/wiki/Amorpha_canescens,https://upload.wikimedia.org/wikipedia/commons/e/ee/Amorpha_Canescens.jpg https://upload.wikimedia.org/wikipedia/en/4/4a/Commons-logo.svg
Amorpha fruticosa,Amorpha fruticosa,https://en.wikipedia.org/wiki/Amorpha_fruticosa,https://upload.wikimedia.org/wikipedia/commons/4/4a/Amorpha_fruticosa-flowers.jpg https://upload.wikimedia.org/wikipedia/commons/3/3d/Amorpha_fruticosa_05.JPG https://upload.wikimedia.org/wikipedia/commons/c/c3/Crotalaria.jpg https://upload.wikimedia.org/wikipedia/en/4/4a/Commons-logo.svg
Amorpha ouachitensis,Amorpha ouachitensis,https://en.wikipedia.org/wiki/Amorpha_ouachitensis,https://upload.wikimedia.org/wikipedia/commons/b/ba/Amorpha_ouachitensis_%282%29.jpg https://upload.wikimedia.org/wikipedia/commons/6/63/Status_iucn3.1_VU.svg https://upload.wikimedia.org/wikipedia/en/4/4a/Commons-logo.svg
Amsonia hubrichtii,Amsonia hubrichtii,https://en.wikipedia.org/wiki/Amsonia_hubrichtii,https://upload.wikimedia.org/wikipedia/commons/5/57/Amsonia_hubrichtii.jpg https://upload.wikimedia.org/wikipedia/commons/f/f8/Asclepias_curassavica12.jpg https://upload.wikimedia.org/wikipedia/commons/3/33/Blue_Star_Amsonia_hubrichtii_Leaf_Closeup_3264px.jpg https://upload.wikimedia.org/wikipedia/commons/1/15/Blue_Star_Amsonia_hubrichtii_Stem_3264px.jpg https://upload.wikimedia.org/wikipedia/commons/7/74/Red_Pencil_Icon.png https://upload.wikimedia.org/wikipedia/commons/d/df/Wikispecies-logo.svg https://upload.wikimedia.org/wikipedia/en/4/4a/Commons-logo.svg
Amsonia illustris,Amsonia,https://en.wikipedia.org/wiki/Amsonia,https://upload.wikimedia.org/wikipedia/commons/6/6f/Amsonia-tabernaemontana-flowers.JPG https://upload.wikimedia.org/wikipedia/commons/f/f8/Asclepias_curassavica12.jpg https://upload.wikimedia.org/wikipedia/commons/7/74/Red_Pencil_Icon.png
Anaphalis margaritacea,Anaphalis margaritacea,https://en.wikipedia.org/wiki/Anaphalis_margaritacea,https://upload.wikimedia.org/wikipedia/commons/3/32/Anapahlis_margaritacea.jpg https://upload.wikimedia.org/wikipedia/commons/7/74/Red_Pencil_Icon.png https://upload.wikimedia.org/wikipedia/commons/5/50/Status_TNC_G5.svg https://upload.wikimedia.org/wikipedia/commons/d/df/Wikispecies-logo.svg https://upload.wikimedia.org/wikipedia/en/4/4a/Commons-logo.svg
Anchusa azurea,Anchusa azurea,https://en.wikipedia.org/wiki/Anchusa_azurea,https://upload.wikimedia.org/wikipedia/commons/7/7d/Anchusa_azurea_Closeup.JPG https://upload.wikimedia.org/wikipedia/commons/4/4a/Anchusa_azurea_habito.jpg https://upload.wikimedia.org/wikipedia/commons/1/14/Ipomoea_tricolor-1.jpg https://upload.wikimedia.org/wikipedia/commons/7/74/Red_Pencil_Icon.png https://upload.wikimedia.org/wikipedia/commons/e/e8/SeedsAnchusaazurea.jpg
Andropogon glomeratus,Andropogon glomeratus,https://en.wikipedia.org/wiki/Andropogon_glomeratus,https://upload.wikimedia.org/wikipedia/commons/f/fe/PLoS_Mu_transposon_in_maize.jpg https://upload.wikimedia.org/wikipedia/commons/7/74/Red_Pencil_Icon.png https://upload.wikimedia.org/wikipedia/commons/b/bf/Starr_071222-0259_Andropogon_glomeratus.jpg https://upload.wikimedia.org/wikipedia/en/4/4a/Commons-logo.svg
Anemone canadensis,Anemone canadensis,https://en.wikipedia.org/wiki/Anemone_canadensis,https://upload.wikimedia.org/wikipedia/commons/d/d2/Anemone_canadensis.jpg https://upload.wikimedia.org/wikipedia/commons/7/7c/Anemone_canadensis_closeup.jpg https://upload.wikimedia.org/wikipedia/commons/7/74/Red_Pencil_Icon.png https://upload.wikimedia.org/wikipedia/commons/d/df/Wikispecies-logo.svg https://upload.wikimedia.org/wikipedia/en/4/4a/Commons-logo.svg
Anemone coronaria,Anemone coronaria,https://en.wikipedia.org/wiki/Anemone_coronaria,https://upload.wikimedia.org/wikipedia/commons/6/64/2010._%D0%92%D1%8B%D1%81%D1%82%D0%B0%D0%B2%D0%BA%D0%B0_%D1%86%D0%B2%D0%B5%D1%82%D0%BE%D0%B2_%D0%B2_%D0%94%D0%BE%D0%BD%D0%B5%D1%86%D0%BA%D0%B5_%D0%BD%D0%B0_%D0%B4%D0%B5%D0%BD%D1%8C_%D0%B3%D0%BE%D1%80%D0%BE%D0%B4%D0%B0_73.jpg https://upload.wikimedia.org/wikipedia/commons/c/c9/Anemone-coronaria-2016-Zachi-Evenor.jpg https://upload.wikimedia.org/wikipedia/commons/e/ef/Anemone_%28Red_and_white%29.jpg https://upload.wikimedia.org/wikipedia/commons/e/ea/Anemone_coronaria_in_Troodos_Mountains%2C_Cyprus.jpg https://upload.wikimedia.org/wikipedia/commons/1/1b/Anemone_coronaria_purple.jpg https://upload.wikimedia.org/wikipedia/commons/d/de/Anemones5.jpg https://upload.wikimedia.org/wikipedia/commons/1/1e/Blue-Anemone_coronaria.jpg https://upload.wikimedia.org/wikipedia/commons/b/b0/CalanitMagenDavid002.jpg https://upload.wikimedia.org/wikipedia/commons/d/db/Colorful-Anemone-coronaria-Zachi-Evenor.jpg https://upload.wikimedia.org/wikipedia/commons/8/8a/Purple_Anemone_coronaria.jpg https://upload.wikimedia.org/wikipedia/commons/d/d3/Purple_Anemone_coronaria_in_Israel.jpg https://upload.wikimedia.org/wikipedia/commons/8/83/Red_Anemone_coronaria.jpg https://upload.wikimedia.org/wikipedia/commons/7/74/Red_Pencil_Icon.png https://upload.wikimedia.org/wikipedia/commons/a/af/White-Anemone-coronaria-0011.jpg https://upload.wikimedia.org/wikipedia/commons/e/e7/Wiki-Calaniyot-Shokeda-ZE-001.jpg
Anemone cylindrica,Anemone cylindrica,https://en.wikipedia.org/wiki/Anemone_cylindrica,https://upload.wikimedia.org/wikipedia/commons/b/b8/Anemone_cylindrica_BB-1913.png https://upload.wikimedia.org/wikipedia/commons/b/b8/Anemone_cylindrica_BB-1913.png https://upload.wikimedia.org/wikipedia/commons/8/8a/Creeping_butercup_close_800.jpg https://upload.wikimedia.org/wikipedia/commons/7/74/Red_Pencil_Icon.png https://upload.wikimedia.org/wikipedia/en/4/4a/Commons-logo.svg
Anemone hupehensis,Anemone hupehensis,https://en.wikipedia.org/wiki/Anemone_hupehensis,https://upload.wikimedia.org/wikipedia/commons/8/85/Afbeelding-007-Anemone_hupesensis.tif https://upload.wikimedia.org/wikipedia/commons/c/c1/Anemone_hybrida%2C_seeds_3.jpg https://upload.wikimedia.org/wikipedia/commons/2/27/An%C3%A9mone_Japon%26fruits_2014.jpg https://upload.wikimedia.org/wikipedia/commons/7/74/Red_Pencil_Icon.png https://upload.wikimedia.org/wikipedia/commons/d/df/Wikispecies-logo.svg https://upload.wikimedia.org/wikipedia/commons/8/84/Anemone_hupehensis_var._japonica_1.jpg https://upload.wikimedia.org/wikipedia/en/4/4a/Commons-logo.svg
Anemone narcissiflora,Anemone narcissiflora,https://en.wikipedia.org/wiki/Anemone_narcissiflora,https://upload.wikimedia.org/wikipedia/commons/3/33/Anemone_narcissiflora_03.jpg https://upload.wikimedia.org/wikipedia/commons/6/64/Anemone_narcissiflora_14.jpg https://upload.wikimedia.org/wikipedia/commons/f/f8/Anemone_narcissiflora_in_Mount_Tsubakuro_2002-07-27.jpg https://upload.wikimedia.org/wikipedia/commons/e/ef/Anemone_narcissiflora_in_Mount_Tsubakuro_add_2002-07-27.jpg https://upload.wikimedia.org/wikipedia/commons/5/59/Bergh%C3%A4hnlein_%28Anemone_narcissiflora%29_Bl%C3%BCten_nah.jpg https://upload.wikimedia.org/wikipedia/commons/8/8a/Creeping_butercup_close_800.jpg https://upload.wikimedia.org/wikipedia/commons/7/74/Red_Pencil_Icon.png https://upload.wikimedia.org/wikipedia/commons/d/df/Wikispecies-logo.svg https://upload.wikimedia.org/wikipedia/en/4/4a/Commons-logo.svg
Anemone nemorosa,Anemone nemorosa,https://en.wikipedia.org/wiki/Anemone_nemorosa,https://upload.wikimedia.org/wikipedia/commons/f/ff/Anemone_Nemorosa_10.jpg https://upload.wikimedia.org/wikipedia/commons/6/62/Anemone_Nemorosa_6-9.jpg https://upload.wikimedia.org/wikipedia/commons/c/c4/Anemone_nemorosa_001.JPG https://upload.wikimedia.org/wikipedia/commons/e/e1/Anemone_nemorosa_LC0256.jpg https://upload.wikimedia.org/wikipedia/commons/3/31/Anemone_nemorosa_Nashville.jpg https://upload.wikimedia.org/wikipedia/commons/3/36/Anemone_nemorosa_map1.jpg https://upload.wikimedia.org/wikipedia/commons/8/8f/Anemone_nemorosa_pink_240406.jpg https://upload.wikimedia.org/wikipedia/commons/e/e0/Apis_mellifera_-_Anemone_nemorosa_-_Keila2.jpg https://upload.wikimedia.org/wikipedia/commons/5/53/Bosanemoon_%28Anemone_nemorosa%29_%28d.j.b.%29.jpg https://upload.wikimedia.org/wikipedia/commons/d/d0/DoubleWoodAnemone.jpg https://upload.wikimedia.org/wikipedia/commons/7/74/Red_Pencil_Icon.png https://upload.wikimedia.org/wikipedia/commons/b/ba/Symrer1.jpg https://upload.wikimedia.org/wikipedia/commons/b/b1/Zawilec_gajowy_cm02.jpg https://upload.wikimedia.org/wikipedia/en/4/4a/Commons-logo.svg
Anemone parviflora,Anemone parviflora,https://en.wikipedia.org/wiki/Anemone_parviflora,https://upload.wikimedia.org/wikipedia/commons/1/1d/Anemone_parviflora.jpg https://upload.wikimedia.org/wikipedia/commons/8/8a/Creeping_butercup_close_800.jpg https://upload.wikimedia.org/wikipedia/commons/7/74/Red_Pencil_Icon.png
Anemone virginiana,Anemone virginiana,https://en.wikipedia.org/wiki/Anemone_virginiana,https://upload.wikimedia.org/wikipedia/commons/e/ea/Anemone_virginiana_var._virginiana_%281%29.jpg https://upload.wikimedia.org/wikipedia/commons/8/8a/Creeping_butercup_close_800.jpg https://upload.wikimedia.org/wikipedia/commons/b/b9/IMG_7456-Anemone_virginiana.jpg https://upload.wikimedia.org/wikipedia/commons/7/74/Red_Pencil_Icon.png https://upload.wikimedia.org/wikipedia/en/4/4a/Commons-logo.svg
Angelica archangelica,Angelica archangelica,https://en.wikipedia.org/wiki/Angelica_archangelica,https://upload.wikimedia.org/wikipedia/commons/e/e2/Absinthe-glass.jpg https://upload.wikimedia.org/wikipedia/commons/a/a7/AngelicaEssOil.png https://upload.wikimedia.org/wikipedia/commons/c/cf/Angelica_archangelica_%281118596627%29.jpg https://upload.wikimedia.org/wikipedia/commons/3/3b/Koehler1887-GardenAngelica.jpg https://upload.wikimedia.org/wikipedia/commons/7/74/Red_Pencil_Icon.png https://upload.wikimedia.org/wikipedia/en/4/4a/Commons-logo.svg https://upload.wikimedia.org/wikipedia/en/9/99/Question_book-new.svg
Angelica atropurpurea,Angelica atropurpurea,https://en.wikipedia.org/wiki/Angelica_atropurpurea,https://upload.wikimedia.org/wikipedia/commons/a/ad/Angelica_atropurpurea_NRCS-2.jpg https://upload.wikimedia.org/wikipedia/commons/7/74/Red_Pencil_Icon.png https://upload.wikimedia.org/wikipedia/commons/5/5a/Status_iucn3.1_LC.svg
Annona reticulata,Annona reticulata,https://en.wikipedia.org/wiki/Annona_reticulata,https://upload.wikimedia.org/wikipedia/commons/9/99/Annona_reticulata_Blanco1.197-cropped.jpg https://upload.wikimedia.org/wikipedia/commons/f/f1/Ramphal.jpg https://upload.wikimedia.org/wikipedia/commons/d/d6/Range_of_Annona_reticulata-Native.svg https://upload.wikimedia.org/wikipedia/commons/7/74/Red_Pencil_Icon.png https://upload.wikimedia.org/wikipedia/commons/d/df/Wikispecies-logo.svg https://upload.wikimedia.org/wikipedia/en/4/4a/Commons-logo.svg
Anredera cordifolia,Anredera cordifolia,https://en.wikipedia.org/wiki/Anredera_cordifolia,https://upload.wikimedia.org/wikipedia/commons/0/0d/Anredera_Cordifolia.jpg https://upload.wikimedia.org/wikipedia/commons/c/c2/Anredera_cordifolia_-_Lady_Game_Drive.jpg https://upload.wikimedia.org/wikipedia/commons/9/97/Madeira_Vine_growing_over_a_fence_in_Brisbane%2C_Australia.jpg https://upload.wikimedia.org/wikipedia/commons/7/74/Red_Pencil_Icon.png
Antennaria dioica,Antennaria dioica,https://en.wikipedia.org/wiki/Antennaria_dioica,https://upload.wikimedia.org/wikipedia/commons/a/a4/Antennaria_dioica.jpg https://upload.wikimedia.org/wikipedia/commons/b/b2/Antennariadioeca.jpg https://upload.wikimedia.org/wikipedia/commons/7/74/Red_Pencil_Icon.png
Antennaria neglecta,Antennaria neglecta,https://en.wikipedia.org/wiki/Antennaria_neglecta,https://upload.wikimedia.org/wikipedia/commons/c/cb/Antennaria_neglecta_%C3%96BG_2012-05-20_03.jpg
Antennaria parlinii,Antennaria parlinii,https://en.wikipedia.org/wiki/Antennaria_parlinii,
Antennaria plantaginifolia,Antennaria plantaginifolia,https://en.wikipedia.org/wiki/Antennaria_plantaginifolia,https://upload.wikimedia.org/wikipedia/commons/8/8c/Antennaria_plantaginifolia_%28L.%29_Richardson_woman%27s_tobacco.tiff https://upload.wikimedia.org/wikipedia/commons/7/7c/Antennaria_plantaginifolia_-_Plantain_Leaf_Pussytoes_%28female_flower%29.jpg https://upload.wikimedia.org/wikipedia/commons/9/99/Antennaria_plantaginifolia_-_Plantain_Leaf_Pussytoes_%28male_flower%29.jpg
Anthemis tinctoria,Anthemis,https://en.wikipedia.org/wiki/Anthemis,https://upload.wikimedia.org/wikipedia/commons/f/fc/Anthemis_cotula_2.jpg https://upload.wikimedia.org/wikipedia/commons/b/b7/Anthemis_tinctoria.JPG https://upload.wikimedia.org/wikipedia/commons/7/7e/Anthemis_tomentosa.JPG https://upload.wikimedia.org/wikipedia/commons/8/89/Illustration_Anthemis_arvensis0.jpg
Apocynum cannabinum,Apocynum cannabinum,https://en.wikipedia.org/wiki/Apocynum_cannabinum,https://upload.wikimedia.org/wikipedia/commons/7/75/Apca.png https://upload.wikimedia.org/wikipedia/commons/b/b5/Apocynum_cannabinum_6801.JPG https://upload.wikimedia.org/wikipedia/commons/7/74/Red_Pencil_Icon.png https://upload.wikimedia.org/wikipedia/commons/5/50/Status_TNC_G5.svg https://upload.wikimedia.org/wikipedia/commons/9/91/Wikiversity-logo.svg
Aponogeton distachyos,Aponogeton distachyos,https://en.wikipedia.org/wiki/Aponogeton_distachyos,https://upload.wikimedia.org/wikipedia/commons/8/8f/Aponogeton_distachyon_drawing.png https://upload.wikimedia.org/wikipedia/commons/0/0b/Aponogeton_distachyos.jpg https://upload.wikimedia.org/wikipedia/commons/7/74/Red_Pencil_Icon.png https://upload.wikimedia.org/wikipedia/commons/d/df/Wikispecies-logo.svg https://upload.wikimedia.org/wikipedia/en/4/4a/Commons-logo.svg
Aquilegia vulgaris,Aquilegia vulgaris,https://en.wikipedia.org/wiki/Aquilegia_vulgaris,https://upload.wikimedia.org/wikipedia/commons/d/dc/Aquilegia_nora_barlow.JPG https://upload.wikimedia.org/wikipedia/commons/0/01/Aquilegia_vulgaris_-_Harilik_kurekell.jpg https://upload.wikimedia.org/wikipedia/commons/4/44/Aquilegia_vulgaris_100503a.jpg https://upload.wikimedia.org/wikipedia/commons/f/f1/Aquilegia_vulgaris_100503c.jpg https://upload.wikimedia.org/wikipedia/commons/7/7f/Aquilegia_vulgaris_MHNT.BOT.2009.13.42.jpg https://upload.wikimedia.org/wikipedia/commons/4/4c/Arabic_herbal_medicine_guidebook.jpeg https://upload.wikimedia.org/wikipedia/commons/8/8a/Creeping_butercup_close_800.jpg https://upload.wikimedia.org/wikipedia/commons/7/74/Red_Pencil_Icon.png https://upload.wikimedia.org/wikipedia/commons/d/df/Wikispecies-logo.svg https://upload.wikimedia.org/wikipedia/en/4/4a/Commons-logo.svg https://upload.wikimedia.org/wikipedia/en/8/8a/OOjs_UI_icon_edit-ltr-progressive.svg
Arabis alpina,Arabis alpina,https://en.wikipedia.org/wiki/Arabis_alpina,https://upload.wikimedia.org/wikipedia/commons/4/4f/Arabis_alpina.jpg https://upload.wikimedia.org/wikipedia/commons/7/74/Red_Pencil_Icon.png
Arachis hypogaea,Peanut,https://en.wikipedia.org/wiki/Peanut,https://upload.wikimedia.org/wikipedia/commons/0/0c/4_gallons_of_peanut_oil.jpg https://upload.wikimedia.org/wikipedia/commons/d/df/9471Peanuts_snack_of_the_Philippines_06.jpg https://upload.wikimedia.org/wikipedia/commons/7/77/Arachis-hypogaea-%28peanuts%29.jpg https://upload.wikimedia.org/wikipedia/commons/a/a4/Arachis_hypogaea_-_K%C3%B6hler%E2%80%93s_Medizinal-Pflanzen-163.jpg https://upload.wikimedia.org/wikipedia/commons/b/b2/Arachis_hypogaea_006.JPG https://upload.wikimedia.org/wikipedia/commons/6/64/Arachis_hypogaea_Flower.jpg https://upload.wikimedia.org/wikipedia/commons/9/93/Boiled_Groundnut.jpg https://upload.wikimedia.org/wikipedia/commons/e/ea/Cultivation_of_peanut_crop_in_Junagadh_region_of_Western_India.jpg https://upload.wikimedia.org/wikipedia/commons/c/c5/Developing_pods_of_Peanut.jpg https://upload.wikimedia.org/wikipedia/commons/8/8c/Flag_of_Myanmar.svg https://upload.wikimedia.org/wikipedia/commons/7/79/Flag_of_Nigeria.svg https://upload.wikimedia.org/wikipedia/commons/0/01/Flag_of_Sudan.svg https://upload.wikimedia.org/wikipedia/commons/f/fa/Flag_of_the_People%27s_Republic_of_China.svg https://upload.wikimedia.org/wikipedia/commons/d/d6/Foodlogo2.svg https://upload.wikimedia.org/wikipedia/commons/4/41/Ground_Nut_flower.jpg https://upload.wikimedia.org/wikipedia/commons/4/4e/Harvest_of_peanuts.jpg https://upload.wikimedia.org/wikipedia/commons/a/a4/Arachis_hypogaea_-_K%C3%B6hler%E2%80%93s_Medizinal-Pflanzen-163.jpg https://upload.wikimedia.org/wikipedia/commons/0/03/Nut_warning_1.jpg https://upload.wikimedia.org/wikipedia/commons/b/bc/PeanutButter.jpg https://upload.wikimedia.org/wikipedia/commons/3/30/Peanut_Collection_%288074787813%29.jpg https://upload.wikimedia.org/wikipedia/commons/2/23/Peanut_chikki%2C_a_popular_foodstuff_of_jaggery_and_peanut_is_available_commercially_all_over_India.jpg https://upload.wikimedia.org/wikipedia/commons/7/7c/Peanut_cotyledons.jpg https://upload.wikimedia.org/wikipedia/commons/e/e5/Peanut_harvester.JPG https://upload.wikimedia.org/wikipedia/commons/1/1d/Peanut_stalks.jpg https://upload.wikimedia.org/wikipedia/commons/0/0c/Peanutjar.jpg https://upload.wikimedia.org/wikipedia/commons/2/28/Peanuts%2C_hand_picking.jpg https://upload.wikimedia.org/wikipedia/commons/d/da/Roasted_Peanuts_%282019%29.jpg https://upload.wikimedia.org/wikipedia/commons/f/f3/SevMamra.jpg https://upload.wikimedia.org/wikipedia/en/4/41/Flag_of_India.svg https://upload.wikimedia.org/wikipedia/en/a/a4/Flag_of_the_United_States.svg https://upload.wikimedia.org/wikipedia/en/8/8a/OOjs_UI_icon_edit-ltr-progressive.svg https://upload.wikimedia.org/wikipedia/en/9/99/Question_book-new.svg
Aralia chinensis,Aralia chinensis,https://en.wikipedia.org/wiki/Aralia_chinensis,https://upload.wikimedia.org/wikipedia/commons/3/3e/Aralia_chinensis.JPG https://upload.wikimedia.org/wikipedia/commons/8/80/Klimopblad_Hedera_helix.jpg https://upload.wikimedia.org/wikipedia/commons/7/74/Red_Pencil_Icon.png https://upload.wikimedia.org/wikipedia/commons/6/63/Status_iucn3.1_VU.svg https://upload.wikimedia.org/wikipedia/en/4/4a/Commons-logo.svg
Aralia cordata,Aralia cordata,https://en.wikipedia.org/wiki/Aralia_cordata,https://upload.wikimedia.org/wikipedia/commons/e/e8/Aralia_cordata_BotGardBln07122011E.JPG https://upload.wikimedia.org/wikipedia/commons/7/74/Red_Pencil_Icon.png https://upload.wikimedia.org/wikipedia/commons/6/66/Ttangdureup_%28Aralia_cordata%29.jpg https://upload.wikimedia.org/wikipedia/commons/6/6d/Ttangdureup_%28Aralia_cordata%29_2.png https://upload.wikimedia.org/wikipedia/en/8/8a/OOjs_UI_icon_edit-ltr-progressive.svg
Aralia elata,Aralia elata,https://en.wikipedia.org/wiki/Aralia_elata,https://upload.wikimedia.org/wikipedia/commons/2/23/Aralia_elata_en_fleur4081.jpg https://upload.wikimedia.org/wikipedia/commons/d/d0/Dureup-gaji-jeon.jpg https://upload.wikimedia.org/wikipedia/commons/b/ba/Dureup-jeon_2.jpg https://upload.wikimedia.org/wikipedia/commons/2/2c/Dureup-sukhoe.jpg https://upload.wikimedia.org/wikipedia/commons/b/b1/Dureup.jpg https://upload.wikimedia.org/wikipedia/commons/e/ed/Japanese_taranome_2015.jpg https://upload.wikimedia.org/wikipedia/commons/c/c5/Korean_cuisine-Dureup_bugak_and_Chal_jeonbyeong.jpg https://upload.wikimedia.org/wikipedia/commons/7/74/Red_Pencil_Icon.png https://upload.wikimedia.org/wikipedia/commons/5/57/Sungeo-dureup-doenjang-mayo-muchim.jpg https://upload.wikimedia.org/wikipedia/en/8/8a/OOjs_UI_icon_edit-ltr-progressive.svg
Aralia racemosa,Aralia racemosa,https://en.wikipedia.org/wiki/Aralia_racemosa,https://upload.wikimedia.org/wikipedia/commons/2/20/Aralia_racemosa1.jpg https://upload.wikimedia.org/wikipedia/commons/8/80/Klimopblad_Hedera_helix.jpg https://upload.wikimedia.org/wikipedia/commons/7/74/Red_Pencil_Icon.png https://upload.wikimedia.org/wikipedia/en/4/4a/Commons-logo.svg
Aralia spinosa,Aralia spinosa,https://en.wikipedia.org/wiki/Aralia_spinosa,https://upload.wikimedia.org/wikipedia/commons/2/2b/Aralia_spinosa%2C_Georgia%2C_USA.jpg https://upload.wikimedia.org/wikipedia/commons/5/5e/Aralia_spinosa.jpg https://upload.wikimedia.org/wikipedia/commons/7/7a/Aralia_spinosa_range_map_1.png https://upload.wikimedia.org/wikipedia/commons/7/74/Red_Pencil_Icon.png https://upload.wikimedia.org/wikipedia/en/4/4a/Commons-logo.svg
Araucaria araucana,Araucaria araucana,https://en.wikipedia.org/wiki/Araucaria_araucana,https://upload.wikimedia.org/wikipedia/commons/f/fe/A_young_Araucaria_araucana.jpg https://upload.wikimedia.org/wikipedia/commons/a/af/Araucana_ubicacion.jpg https://upload.wikimedia.org/wikipedia/commons/3/37/Araucaria_araucana-branch.JPG https://upload.wikimedia.org/wikipedia/commons/4/47/Araucaria_araucana0.jpg https://upload.wikimedia.org/wikipedia/commons/3/32/Araucaria_araucana2.jpg https://upload.wikimedia.org/wikipedia/commons/1/16/Araucaria_araucana_%288%29.JPG https://upload.wikimedia.org/wikipedia/commons/7/78/Araucaria_araucana_03.jpg https://upload.wikimedia.org/wikipedia/commons/4/40/Araucaria_araucana_cones.jpg https://upload.wikimedia.org/wikipedia/commons/1/18/Araucaria_araucana_playa.jpg https://upload.wikimedia.org/wikipedia/commons/b/bb/Araucaria_en_Parque_Nacional_Conguillio.jpg https://upload.wikimedia.org/wikipedia/commons/b/bf/Conguillio_National_Park.jpg https://upload.wikimedia.org/wikipedia/commons/d/d4/Monkey_Puzzle_Tree_in_snow_at_Kew.jpg https://upload.wikimedia.org/wikipedia/commons/4/46/Noche_estrellada_sobre_una_araucaria.jpg https://upload.wikimedia.org/wikipedia/commons/b/ba/P.N.Nahuelbuta2.jpg https://upload.wikimedia.org/wikipedia/commons/d/db/Pi%C3%B1ones_de_araucaria_cocinados.jpg https://upload.wikimedia.org/wikipedia/commons/7/74/Red_Pencil_Icon.png https://upload.wikimedia.org/wikipedia/commons/7/70/Status_iucn3.1_EN.svg https://upload.wikimedia.org/wikipedia/commons/d/df/Wikispecies-logo.svg https://upload.wikimedia.org/wikipedia/commons/1/1b/Zweig_der_Andentannne.JPG https://upload.wikimedia.org/wikipedia/commons/3/38/Araucaria_araucana1.jpg https://upload.wikimedia.org/wikipedia/en/4/4a/Commons-logo.svg
Araucaria columnaris,Araucaria columnaris,https://en.wikipedia.org/wiki/Araucaria_columnaris,https://upload.wikimedia.org/wikipedia/commons/0/0f/0_Araucaria_columnaris_New_Caledonia.jpg https://upload.wikimedia.org/wikipedia/commons/9/9c/Araucaria_columnaris_01_by_Line1.jpg https://upload.wikimedia.org/wikipedia/commons/3/3f/Araucariacolumnaris2088025388_0924f25902_o.jpg https://upload.wikimedia.org/wikipedia/commons/7/74/Red_Pencil_Icon.png https://upload.wikimedia.org/wikipedia/commons/5/5a/Status_iucn3.1_LC.svg https://upload.wikimedia.org/wikipedia/en/4/4a/Commons-logo.svg
Arbutus unedo,Arbutus unedo,https://en.wikipedia.org/wiki/Arbutus_unedo,https://upload.wikimedia.org/wikipedia/commons/c/cb/Arbouses.jpg https://upload.wikimedia.org/wikipedia/commons/8/87/Arbutus_or_Shammari_%28Bayda-Libya%29.jpg https://upload.wikimedia.org/wikipedia/commons/2/22/Arbutus_unedo_crumble_cake.jpg https://upload.wikimedia.org/wikipedia/commons/b/b5/Arbutus_unedo_fruit_close-up.jpg https://upload.wikimedia.org/wikipedia/commons/1/18/Arbutus_unedo_range.svg https://upload.wikimedia.org/wikipedia/commons/f/f2/Badaia_-_Barranco_de_los_Goros_-_Madro%C3%B1o_02.jpg https://upload.wikimedia.org/wikipedia/commons/7/7d/Badaia_-_Barranco_de_los_Goros_-_Madro%C3%B1o_04.jpg https://upload.wikimedia.org/wikipedia/commons/4/4d/El_oso_y_el_madro%C3%B1o_-_02.jpg https://upload.wikimedia.org/wikipedia/commons/6/67/Escudo_de_Madrid.svg https://upload.wikimedia.org/wikipedia/commons/8/88/Hieronymus_Bosch_-_The_Garden_of_Earthly_Delights_-_Garden_of_Earthly_Delights_%28Ecclesia%27s_Paradise%29.jpg https://upload.wikimedia.org/wikipedia/commons/f/f3/Maginje_na_Kolo%C4%8Depu.JPG https://upload.wikimedia.org/wikipedia/commons/7/74/Red_Pencil_Icon.png https://upload.wikimedia.org/wikipedia/commons/e/eb/Sirolo-vista_conero.jpg https://upload.wikimedia.org/wikipedia/commons/5/5a/Status_iucn3.1_LC.svg https://upload.wikimedia.org/wikipedia/commons/8/8b/Strawberry_tree_berry.jpg https://upload.wikimedia.org/wikipedia/commons/d/df/Wikispecies-logo.svg https://upload.wikimedia.org/wikipedia/en/4/4a/Commons-logo.svg https://upload.wikimedia.org/wikipedia/en/0/03/Flag_of_Italy.svg
Ardisia crenata,Ardisia crenata,https://en.wikipedia.org/wiki/Ardisia_crenata,https://upload.wikimedia.org/wikipedia/commons/6/62/Ardisia_crenata_in_the_Koishikawa-K%C5%8Drakuen_IMG_3914.jpg https://upload.wikimedia.org/wikipedia/commons/b/b7/Ardisia_crenata_in_the_Koishikawa-K%C5%8Drakuen_IMG_3915.jpg https://upload.wikimedia.org/wikipedia/commons/2/28/Ardisia_crenata_plant.jpg https://upload.wikimedia.org/wikipedia/commons/7/74/Red_Pencil_Icon.png
Ardisia elliptica,Ardisia elliptica,https://en.wikipedia.org/wiki/Ardisia_elliptica,https://upload.wikimedia.org/wikipedia/commons/7/74/Red_Pencil_Icon.png https://upload.wikimedia.org/wikipedia/commons/3/33/Starr_050107-2860_Ardisia_elliptica.jpg https://upload.wikimedia.org/wikipedia/en/4/4a/Commons-logo.svg
Argemone polyanthemos,Argemone polyanthemos,https://en.wikipedia.org/wiki/Argemone_polyanthemos,https://upload.wikimedia.org/wikipedia/commons/8/8a/Creeping_butercup_close_800.jpg https://upload.wikimedia.org/wikipedia/commons/7/7d/Prickly_Poppy-Argemone_Polyanthemos-Bar_Lake_State_Park_Colorado-20141004.jpg https://upload.wikimedia.org/wikipedia/commons/7/74/Red_Pencil_Icon.png
Arisaema dracontium,Arisaema dracontium,https://en.wikipedia.org/wiki/Arisaema_dracontium,https://upload.wikimedia.org/wikipedia/commons/1/1c/Arisaema_dracontium_Arkansas.jpg https://upload.wikimedia.org/wikipedia/commons/f/f4/Arisaema_triphyllum_fruit.jpg https://upload.wikimedia.org/wikipedia/commons/7/74/Red_Pencil_Icon.png https://upload.wikimedia.org/wikipedia/commons/5/50/Status_TNC_G5.svg
Arisaema triphyllum,Arisaema triphyllum,https://en.wikipedia.org/wiki/Arisaema_triphyllum,https://upload.wikimedia.org/wikipedia/commons/e/ef/Arisaema_triphyllum_Bob_Hunter_Memorial_Park.jpg https://upload.wikimedia.org/wikipedia/commons/2/2f/Arisaema_triphyllum_seeds_with_pulp_strainer.jpg https://upload.wikimedia.org/wikipedia/commons/1/1d/Jack-in-the-Pulpit.jpg https://upload.wikimedia.org/wikipedia/commons/f/f3/Jack-in-the-pulpit.JPG https://upload.wikimedia.org/wikipedia/commons/0/0f/Jack_in_the_pupit.jpg https://upload.wikimedia.org/wikipedia/commons/b/b2/JitPseeds.JPG https://upload.wikimedia.org/wikipedia/commons/d/d2/Phronia_female.jpg https://upload.wikimedia.org/wikipedia/commons/7/74/Red_Pencil_Icon.png https://upload.wikimedia.org/wikipedia/commons/a/ae/Seeds_Arisaema_triphyllum_-_Jack-in-pulpit.jpg https://upload.wikimedia.org/wikipedia/commons/5/50/Status_TNC_G5.svg
Aristolochia californica,Aristolochia californica,https://en.wikipedia.org/wiki/Aristolochia_californica,https://upload.wikimedia.org/wikipedia/commons/a/a9/Aristolochia_californica.jpg https://upload.wikimedia.org/wikipedia/commons/7/74/Red_Pencil_Icon.png https://upload.wikimedia.org/wikipedia/en/4/4a/Commons-logo.svg
Aristolochia clematitis,Aristolochia clematitis,https://en.wikipedia.org/wiki/Aristolochia_clematitis,https://upload.wikimedia.org/wikipedia/commons/4/4c/Arabic_herbal_medicine_guidebook.jpeg https://upload.wikimedia.org/wikipedia/commons/9/95/Aristolochia_clematitis_%287263875922%29.jpg https://upload.wikimedia.org/wikipedia/commons/4/4d/Aristolochia_clematitis_MHNT.BOT.2013.22.25.jpg https://upload.wikimedia.org/wikipedia/commons/7/74/Red_Pencil_Icon.png https://upload.wikimedia.org/wikipedia/commons/0/02/Starr_010704-0011_Peperomia_blanda.jpg https://upload.wikimedia.org/wikipedia/en/4/4a/Commons-logo.svg
Aristolochia macrophylla,Aristolochia macrophylla,https://en.wikipedia.org/wiki/Aristolochia_macrophylla,https://upload.wikimedia.org/wikipedia/commons/0/0b/Aristolochia-macrophylla-flower.jpg https://upload.wikimedia.org/wikipedia/commons/e/e3/Aristolochia_macrophylla_MHNT.BOT.2015.34.117.jpg https://upload.wikimedia.org/wikipedia/commons/6/69/Aristolochia_macrophylla_Orchi_2012-05-27_002.jpg https://upload.wikimedia.org/wikipedia/commons/b/b8/Blue_Ridge_Mountains-27527-1.jpg https://upload.wikimedia.org/wikipedia/commons/7/74/Red_Pencil_Icon.png
Aristolochia tomentosa,Aristolochia tomentosa,https://en.wikipedia.org/wiki/Aristolochia_tomentosa,https://upload.wikimedia.org/wikipedia/commons/2/2b/AristolochiaTomentosa.jpg https://upload.wikimedia.org/wikipedia/commons/7/74/Red_Pencil_Icon.png
Armoracia rusticana,Horseradish,https://en.wikipedia.org/wiki/Horseradish,https://upload.wikimedia.org/wikipedia/commons/9/98/Allyl-isothiocyanate-2D-skeletal.png https://upload.wikimedia.org/wikipedia/commons/b/b6/Armoracia_rusticana.jpg https://upload.wikimedia.org/wikipedia/commons/0/00/Different_ketchup_in_a_plate_122425.jpg https://upload.wikimedia.org/wikipedia/commons/d/d6/Foodlogo2.svg https://upload.wikimedia.org/wikipedia/commons/e/e8/Gardenology.org-IMG_2788_rbgs11jan.jpg https://upload.wikimedia.org/wikipedia/commons/a/a5/Horse-radish_plate_no_6_bv73c1191_bk128b698_crop.jpg https://upload.wikimedia.org/wikipedia/commons/a/aa/Khreyn_Beet_Horseradish.JPG https://upload.wikimedia.org/wikipedia/commons/c/ca/Kren_Verkauf.jpg https://upload.wikimedia.org/wikipedia/commons/7/74/Red_Pencil_Icon.png https://upload.wikimedia.org/wikipedia/commons/2/25/%D7%97%D7%96%D7%A8%D7%AA_%D7%A2%D7%9D_%D7%A1%D7%9C%D7%A7.jpg https://upload.wikimedia.org/wikipedia/en/4/4a/Commons-logo.svg https://upload.wikimedia.org/wikipedia/en/3/3d/Heinz_horseradish_sauce.jpg https://upload.wikimedia.org/wikipedia/en/9/99/Question_book-new.svg
Arnoglossum atriplicifolium,Arnoglossum atriplicifolium,https://en.wikipedia.org/wiki/Arnoglossum_atriplicifolium,https://upload.wikimedia.org/wikipedia/commons/7/7e/Cacalia_atriplicifolia_flower.jpg https://upload.wikimedia.org/wikipedia/commons/2/27/Cacalia_atriplicifolia_habitat.jpg https://upload.wikimedia.org/wikipedia/commons/0/0b/Senecio_vernalis-Romania.jpg https://upload.wikimedia.org/wikipedia/commons/d/df/Wikispecies-logo.svg https://upload.wikimedia.org/wikipedia/en/4/4a/Commons-logo.svg
Arnoglossum reniforme,Arnoglossum reniforme,https://en.wikipedia.org/wiki/Arnoglossum_reniforme,https://upload.wikimedia.org/wikipedia/commons/0/0b/Senecio_vernalis-Romania.jpg https://upload.wikimedia.org/wikipedia/commons/d/df/Wikispecies-logo.svg https://upload.wikimedia.org/wikipedia/en/4/4a/Commons-logo.svg
Aronia arbutifolia,Aronia,https://en.wikipedia.org/wiki/Aronia,https://upload.wikimedia.org/wikipedia/commons/0/0f/Aronia-melanocarpa-Aron.JPG https://upload.wikimedia.org/wikipedia/commons/8/82/Aronia_arbutifolia2475275707.jpg https://upload.wikimedia.org/wikipedia/commons/f/fc/Aronia_melanocarpa%2C_Black_Chokeberry%2C_Howard_County%2C_Md.%2C_2018-05-17-14.20_%2842991907975%29.jpg https://upload.wikimedia.org/wikipedia/commons/1/1e/Aronia_melanocarpa_6329.JPG https://upload.wikimedia.org/wikipedia/commons/7/72/Aronia_prunifolia.jpg https://upload.wikimedia.org/wikipedia/commons/c/cc/Choke-Berries-IMG_2431_051013_121714.jpg https://upload.wikimedia.org/wikipedia/commons/5/58/Chokeberries.jpg https://upload.wikimedia.org/wikipedia/commons/7/74/Red_Pencil_Icon.png https://upload.wikimedia.org/wikipedia/en/4/4a/Commons-logo.svg
Aronia prunifolia,Aronia,https://en.wikipedia.org/wiki/Aronia,https://upload.wikimedia.org/wikipedia/commons/0/0f/Aronia-melanocarpa-Aron.JPG https://upload.wikimedia.org/wikipedia/commons/8/82/Aronia_arbutifolia2475275707.jpg https://upload.wikimedia.org/wikipedia/commons/f/fc/Aronia_melanocarpa%2C_Black_Chokeberry%2C_Howard_County%2C_Md.%2C_2018-05-17-14.20_%2842991907975%29.jpg https://upload.wikimedia.org/wikipedia/commons/1/1e/Aronia_melanocarpa_6329.JPG https://upload.wikimedia.org/wikipedia/commons/7/72/Aronia_prunifolia.jpg https://upload.wikimedia.org/wikipedia/commons/c/cc/Choke-Berries-IMG_2431_051013_121714.jpg https://upload.wikimedia.org/wikipedia/commons/5/58/Chokeberries.jpg https://upload.wikimedia.org/wikipedia/commons/7/74/Red_Pencil_Icon.png https://upload.wikimedia.org/wikipedia/en/4/4a/Commons-logo.svg
Artemisia abrotanum,Artemisia abrotanum,https://en.wikipedia.org/wiki/Artemisia_abrotanum,https://upload.wikimedia.org/wikipedia/commons/3/34/Artemisia_abrotanum0.jpg https://upload.wikimedia.org/wikipedia/commons/7/74/Red_Pencil_Icon.png https://upload.wikimedia.org/wikipedia/en/4/4a/Commons-logo.svg https://upload.wikimedia.org/wikipedia/en/9/99/Question_book-new.svg
Artemisia absinthium,Artemisia absinthium,https://en.wikipedia.org/wiki/Artemisia_absinthium,https://upload.wikimedia.org/wikipedia/commons/e/e2/Absinthe-glass.jpg https://upload.wikimedia.org/wikipedia/commons/f/f5/Artemisia_absinthium_0002.JPG https://upload.wikimedia.org/wikipedia/commons/e/eb/Artemisia_absinthium_P1210748.jpg https://upload.wikimedia.org/wikipedia/commons/7/74/Red_Pencil_Icon.png https://upload.wikimedia.org/wikipedia/en/4/4a/Commons-logo.svg https://upload.wikimedia.org/wikipedia/en/8/8a/OOjs_UI_icon_edit-ltr-progressive.svg
Artemisia frigida,Artemisia frigida,https://en.wikipedia.org/wiki/Artemisia_frigida,https://upload.wikimedia.org/wikipedia/commons/6/62/Artemisia_frigida_NPS-1.jpg https://upload.wikimedia.org/wikipedia/commons/7/74/Red_Pencil_Icon.png https://upload.wikimedia.org/wikipedia/commons/5/50/Status_TNC_G5.svg https://upload.wikimedia.org/wikipedia/en/4/4a/Commons-logo.svg
Artocarpus altilis,Breadfruit,https://en.wikipedia.org/wiki/Breadfruit,https://upload.wikimedia.org/wikipedia/commons/9/96/ARS_breadfruit49.jpg https://upload.wikimedia.org/wikipedia/commons/5/58/Artocarpus_altilis.jpg https://upload.wikimedia.org/wikipedia/commons/5/57/Artocarpus_altilis_%28fruit%29.jpg https://upload.wikimedia.org/wikipedia/commons/b/b3/Breadfruit_4.jpg https://upload.wikimedia.org/wikipedia/commons/7/75/Breadfruit_Tree.jpg https://upload.wikimedia.org/wikipedia/commons/0/03/Breadfruit_drawing.jpg https://upload.wikimedia.org/wikipedia/commons/1/18/Breadfruit_pounder%2C_French_Polynesia%2C_Tahitian_people%2C_polished_basalt%2C_HAA.JPG https://upload.wikimedia.org/wikipedia/commons/5/52/Chronological_dispersal_of_Austronesian_people_across_the_Pacific_%28per_Bellwood_in_Chambers%2C_2008%29.png https://upload.wikimedia.org/wikipedia/commons/c/ca/Fried_Bread_Fruit.jpg https://upload.wikimedia.org/wikipedia/commons/5/59/Kolo_%28breadfruit%29_slices%2C_Philippines.jpg https://upload.wikimedia.org/wikipedia/commons/7/74/Red_Pencil_Icon.png https://upload.wikimedia.org/wikipedia/commons/8/8a/Translation_to_english_arrow.svg https://upload.wikimedia.org/wikipedia/commons/d/df/Wikispecies-logo.svg https://upload.wikimedia.org/wikipedia/en/4/4a/Commons-logo.svg https://upload.wikimedia.org/wikipedia/en/4/48/Folder_Hexagonal_Icon.svg https://upload.wikimedia.org/wikipedia/en/8/8a/OOjs_UI_icon_edit-ltr-progressive.svg https://upload.wikimedia.org/wikipedia/en/9/99/Question_book-new.svg
Artocarpus heterophyllus,Jackfruit,https://en.wikipedia.org/wiki/Jackfruit,https://upload.wikimedia.org/wikipedia/commons/b/b4/152_-_CIMG0806.JPG https://upload.wikimedia.org/wikipedia/commons/9/94/Artocarpus_heterophylla_flowers.JPG https://upload.wikimedia.org/wikipedia/commons/9/99/Artocarpus_heterophyllus.jpg https://upload.wikimedia.org/wikipedia/commons/1/11/Baby_Jackfruit_masala.JPG https://upload.wikimedia.org/wikipedia/commons/e/e7/Baby_jack_fruit_curry-Sri_Lanka.jpg https://upload.wikimedia.org/wikipedia/commons/c/cc/Chakka-chips.JPG https://upload.wikimedia.org/wikipedia/commons/e/e2/Chakkappazham.jpg https://upload.wikimedia.org/wikipedia/commons/4/48/Es_Teller_77.jpg https://upload.wikimedia.org/wikipedia/commons/f/f9/Flag_of_Bangladesh.svg https://upload.wikimedia.org/wikipedia/commons/2/2e/Flora_Sinensis_-_Jackfruit.JPG https://upload.wikimedia.org/wikipedia/commons/0/01/Ginataang_langka_with_shrimp_and_calamari.jpg https://upload.wikimedia.org/wikipedia/commons/9/9d/Green_Jackfruit_%26_Potato_Curry_-_Kolkata_2011-02-11_1000.JPG https://upload.wikimedia.org/wikipedia/commons/3/35/Gudeg_full_set.jpg https://upload.wikimedia.org/wikipedia/commons/3/30/Halo_halo1.jpg https://upload.wikimedia.org/wikipedia/commons/f/f3/Jack_Fruit_Opened.jpg https://upload.wikimedia.org/wikipedia/commons/d/d2/Jack_fruits_in_Kerala_001.jpg https://upload.wikimedia.org/wikipedia/commons/d/db/Jackfrucht_Fruchtfleisch_1.jpg https://upload.wikimedia.org/wikipedia/commons/5/5e/JackfruitArils%26Seeds.jpg https://upload.wikimedia.org/wikipedia/commons/8/84/JackfruitNYC.jpg https://upload.wikimedia.org/wikipedia/commons/1/15/Jackfruit_Flesh.jpg https://upload.wikimedia.org/wikipedia/commons/7/71/Jackfruit_chips.jpg https://upload.wikimedia.org/wikipedia/commons/b/ba/Jackfruit_hanging.JPG https://upload.wikimedia.org/wikipedia/commons/7/74/Red_Pencil_Icon.png https://upload.wikimedia.org/wikipedia/commons/5/50/Selling_jackfruit_in_bangkok3.jpg https://upload.wikimedia.org/wikipedia/commons/4/49/Stem_of_jackfruits_tree.jpg https://upload.wikimedia.org/wikipedia/commons/f/f7/Symbols.gif https://upload.wikimedia.org/wikipedia/commons/d/df/Wikibooks-logo-en-noslogan.svg https://upload.wikimedia.org/wikipedia/commons/d/df/Wikispecies-logo.svg https://upload.wikimedia.org/wikipedia/commons/9/99/Wiktionary-logo-en-v2.svg https://upload.wikimedia.org/wikipedia/en/4/4a/Commons-logo.svg https://upload.wikimedia.org/wikipedia/en/4/48/Folder_Hexagonal_Icon.svg https://upload.wikimedia.org/wikipedia/en/8/8a/OOjs_UI_icon_edit-ltr-progressive.svg https://upload.wikimedia.org/wikipedia/en/9/99/Question_book-new.svg
Arum italicum,Arum italicum,https://en.wikipedia.org/wiki/Arum_italicum,https://upload.wikimedia.org/wikipedia/commons/1/17/Aronfrucht3962.jpg https://upload.wikimedia.org/wikipedia/commons/a/af/Arum_italicum_Mallorca_003.jpg https://upload.wikimedia.org/wikipedia/commons/c/c2/Arum_italicum_bulbus.jpg https://upload.wikimedia.org/wikipedia/commons/0/0d/Cuckoo_Pint_Arum_italicum_Leaves_2000px.jpg https://upload.wikimedia.org/wikipedia/commons/d/d3/Cuckoo_Pint_Arum_italicum_Young_Plant_2874px.jpg https://upload.wikimedia.org/wikipedia/commons/1/16/Estructura_floral_del_Arum_-_Manuel_Garc%C3%ADa_Gonz%C3%A1lez.jpg https://upload.wikimedia.org/wikipedia/commons/7/74/Red_Pencil_Icon.png https://upload.wikimedia.org/wikipedia/en/4/4a/Commons-logo.svg
Arundinaria gigantea,Arundinaria gigantea,https://en.wikipedia.org/wiki/Arundinaria_gigantea,https://upload.wikimedia.org/wikipedia/commons/7/74/Red_Pencil_Icon.png https://upload.wikimedia.org/wikipedia/commons/1/14/Arundinaria_gigantea.jpg
Asarum canadense,Asarum canadense,https://en.wikipedia.org/wiki/Asarum_canadense,https://upload.wikimedia.org/wikipedia/commons/a/ae/Asarum_canadense.jpg https://upload.wikimedia.org/wikipedia/commons/2/2d/Asarum_canadense_-_Wild_Ginger.jpg https://upload.wikimedia.org/wikipedia/commons/0/00/Asarum_canadense_4.jpg https://upload.wikimedia.org/wikipedia/commons/7/74/Red_Pencil_Icon.png https://upload.wikimedia.org/wikipedia/commons/5/50/Status_TNC_G5.svg https://upload.wikimedia.org/wikipedia/commons/d/df/Wikispecies-logo.svg https://upload.wikimedia.org/wikipedia/en/4/4a/Commons-logo.svg
Asarum caudatum,Asarum caudatum,https://en.wikipedia.org/wiki/Asarum_caudatum,https://upload.wikimedia.org/wikipedia/commons/6/6d/Asarum_caudatum_10993.JPG https://upload.wikimedia.org/wikipedia/commons/7/74/Red_Pencil_Icon.png https://upload.wikimedia.org/wikipedia/commons/0/02/Starr_010704-0011_Peperomia_blanda.jpg https://upload.wikimedia.org/wikipedia/commons/5/50/Status_TNC_G5.svg https://upload.wikimedia.org/wikipedia/en/4/4a/Commons-logo.svg
Asclepias hirtella,Asclepias hirtella,https://en.wikipedia.org/wiki/Asclepias_hirtella,https://upload.wikimedia.org/wikipedia/commons/b/b8/Asclepias_hirtella_arkansas.jpg https://upload.wikimedia.org/wikipedia/commons/7/74/Red_Pencil_Icon.png
Asclepias quadrifolia,Asclepias quadrifolia,https://en.wikipedia.org/wiki/Asclepias_quadrifolia,https://upload.wikimedia.org/wikipedia/commons/d/de/Asclepias_quadrifolia.jpg https://upload.wikimedia.org/wikipedia/commons/9/91/Fourleaf_Milkweed_Old_Pods.jpg https://upload.wikimedia.org/wikipedia/commons/7/74/Red_Pencil_Icon.png https://upload.wikimedia.org/wikipedia/commons/5/50/Status_TNC_G5.svg
Asclepias speciosa,Asclepias speciosa,https://en.wikipedia.org/wiki/Asclepias_speciosa,https://upload.wikimedia.org/wikipedia/commons/b/b7/Asclepias_speciosa.jpg https://upload.wikimedia.org/wikipedia/commons/d/d1/Asclepias_speciosa1jakesmome.jpg https://upload.wikimedia.org/wikipedia/commons/7/74/Red_Pencil_Icon.png https://upload.wikimedia.org/wikipedia/en/4/4a/Commons-logo.svg
Asclepias sullivantii,Asclepias sullivantii,https://en.wikipedia.org/wiki/Asclepias_sullivantii,https://upload.wikimedia.org/wikipedia/commons/3/3a/Asclepias_sullivantii.jpg https://upload.wikimedia.org/wikipedia/commons/7/74/Red_Pencil_Icon.png https://upload.wikimedia.org/wikipedia/commons/5/50/Status_TNC_G5.svg https://upload.wikimedia.org/wikipedia/en/4/4a/Commons-logo.svg
Asclepias verticillata,Asclepias verticillata,https://en.wikipedia.org/wiki/Asclepias_verticillata,https://upload.wikimedia.org/wikipedia/commons/f/f8/Asclepias_curassavica12.jpg https://upload.wikimedia.org/wikipedia/commons/1/17/Asclepias_verticillata_Western_Highland_Rim.jpg https://upload.wikimedia.org/wikipedia/commons/6/67/Asclepias_verticillata_flower_cluster.jpg https://upload.wikimedia.org/wikipedia/commons/7/74/Red_Pencil_Icon.png https://upload.wikimedia.org/wikipedia/commons/5/50/Status_TNC_G5.svg https://upload.wikimedia.org/wikipedia/en/4/4a/Commons-logo.svg
Asclepias viridis,Asclepias viridis,https://en.wikipedia.org/wiki/Asclepias_viridis,https://upload.wikimedia.org/wikipedia/commons/f/fc/Asclepias_viridis.jpg https://upload.wikimedia.org/wikipedia/commons/7/74/Red_Pencil_Icon.png https://upload.wikimedia.org/wikipedia/commons/2/2a/Status_TNC_G4.svg
Asimina triloba,Asimina triloba,https://en.wikipedia.org/wiki/Asimina_triloba,https://upload.wikimedia.org/wikipedia/commons/e/e9/AbbotV1Tab04AA.jpg https://upload.wikimedia.org/wikipedia/commons/1/15/Asimina_triloba3.jpg https://upload.wikimedia.org/wikipedia/commons/1/17/Asimina_triloba_kz1.jpg https://upload.wikimedia.org/wikipedia/commons/d/db/Asimina_triloba_range_map_1.png https://upload.wikimedia.org/wikipedia/commons/3/34/Asimina_triloba_red_fern_farm.jpg https://upload.wikimedia.org/wikipedia/commons/4/41/PawPaw_bark.jpg https://upload.wikimedia.org/wikipedia/commons/a/aa/Pawpaw-fruit.jpg https://upload.wikimedia.org/wikipedia/commons/7/74/Red_Pencil_Icon.png https://upload.wikimedia.org/wikipedia/commons/5/5a/Status_iucn3.1_LC.svg https://upload.wikimedia.org/wikipedia/commons/d/df/Wikispecies-logo.svg https://upload.wikimedia.org/wikipedia/commons/0/0c/Yellow-billed_Cuckoo_%28Audubon%29.jpg https://upload.wikimedia.org/wikipedia/commons/e/e6/Young_Asimina_Triloba_Sapling_In_Pot.jpg https://upload.wikimedia.org/wikipedia/en/4/4a/Commons-logo.svg
Asparagus setaceus,Asparagus setaceus,https://en.wikipedia.org/wiki/Asparagus_setaceus,https://upload.wikimedia.org/wikipedia/commons/e/e8/Asparagus_setaceus_Leaves_2760px.jpg https://upload.wikimedia.org/wikipedia/commons/7/74/Red_Pencil_Icon.png https://upload.wikimedia.org/wikipedia/commons/9/92/Starr_080117-1771_Asparagus_setaceus.jpg https://upload.wikimedia.org/wikipedia/en/4/4a/Commons-logo.svg
Asphodelus albus,Asphodelus albus,https://en.wikipedia.org/wiki/Asphodelus_albus,https://upload.wikimedia.org/wikipedia/commons/a/a8/Asphodelus_albus.004.JPG https://upload.wikimedia.org/wikipedia/commons/1/19/Asphodelus_albus_from_Mavrovo_National_Park.jpg https://upload.wikimedia.org/wikipedia/commons/6/6d/Asphod%C3%A8le_blanc_MHNT.BOT.2004.0.398.jpg https://upload.wikimedia.org/wikipedia/commons/7/74/Red_Pencil_Icon.png
Asplenium ebenoides,Asplenium Ã— ebenoides,https://en.wikipedia.org/wiki/Asplenium_%C3%97_ebenoides,https://upload.wikimedia.org/wikipedia/commons/0/05/BB-0058_Asplenium_ebenoides.png https://upload.wikimedia.org/wikipedia/commons/7/74/Red_Pencil_Icon.png https://upload.wikimedia.org/wikipedia/en/4/4a/Commons-logo.svg
Aster tataricus,Aster tataricus,https://en.wikipedia.org/wiki/Aster_tataricus,https://upload.wikimedia.org/wikipedia/commons/4/4c/Arabic_herbal_medicine_guidebook.jpeg https://upload.wikimedia.org/wikipedia/commons/f/fd/Aster_Tataricus.JPG https://upload.wikimedia.org/wikipedia/commons/e/ed/Bellis_perennis3_ies.jpg https://upload.wikimedia.org/wikipedia/en/4/4a/Commons-logo.svg https://upload.wikimedia.org/wikipedia/en/6/6c/Wiki_letter_w.svg
Astrantia major,Astrantia major,https://en.wikipedia.org/wiki/Astrantia_major,https://upload.wikimedia.org/wikipedia/commons/6/63/Apiaceae_-_Astrantia_major-1.JPG https://upload.wikimedia.org/wikipedia/commons/b/b1/Apiaceae_-_Astrantia_major-2.JPG https://upload.wikimedia.org/wikipedia/commons/1/18/Astrantia_major_%27Star_of_Beauty%27_J1.jpg https://upload.wikimedia.org/wikipedia/commons/d/d4/Astrantia_major_ENBLA01.jpg https://upload.wikimedia.org/wikipedia/commons/1/17/Astrantia_major_MHNT.BOT.2007.43.8.jpg https://upload.wikimedia.org/wikipedia/commons/4/44/Closeup_of_Astrantia_Major_flower.jpg https://upload.wikimedia.org/wikipedia/commons/d/df/Wikispecies-logo.svg https://upload.wikimedia.org/wikipedia/en/4/4a/Commons-logo.svg
Atriplex hortensis,Atriplex hortensis,https://en.wikipedia.org/wiki/Atriplex_hortensis,https://upload.wikimedia.org/wikipedia/commons/c/c0/Atriplex_hortensis_MHNT.BOT.2013.22.60.jpg https://upload.wikimedia.org/wikipedia/commons/c/c9/Atriplex_hortensis_cleaned_Sturm.png https://upload.wikimedia.org/wikipedia/commons/1/16/Atriplex_hortensis_sl20.jpg https://upload.wikimedia.org/wikipedia/commons/7/72/Atriplexhortensis1.jpg https://upload.wikimedia.org/wikipedia/commons/4/4c/Neuch%C3%A2tel_Herbarium_-_Atriplex_hortensis_-_NEU000004323.jpg https://upload.wikimedia.org/wikipedia/en/4/4a/Commons-logo.svg https://upload.wikimedia.org/wikipedia/en/8/8a/OOjs_UI_icon_edit-ltr-progressive.svg
Azadirachta indica,Azadirachta indica,https://en.wikipedia.org/wiki/Azadirachta_indica,https://upload.wikimedia.org/wikipedia/commons/b/bf/Azadirachta-indica-2019-5-3_14-14-55-01.jpg https://upload.wikimedia.org/wikipedia/commons/5/57/Azadirachta_indica_0001.jpg https://upload.wikimedia.org/wikipedia/commons/2/28/Bark_%285059231711%29.jpg https://upload.wikimedia.org/wikipedia/commons/8/8a/Hareli_Festival.jpg https://upload.wikimedia.org/wikipedia/commons/a/a5/Ineem_Fruit_Drying_process_for_cold_pressed_extraction.jpg https://upload.wikimedia.org/wikipedia/commons/9/97/Ineem_farm_in_virudhunagar.jpg https://upload.wikimedia.org/wikipedia/commons/b/be/Ineem_seeds_.jpg https://upload.wikimedia.org/wikipedia/commons/7/7c/Jagnath_Ineem_Toothstick_in_tamilnadu.jpg https://upload.wikimedia.org/wikipedia/commons/b/bf/Neem-Tree.jpg https://upload.wikimedia.org/wikipedia/commons/9/90/Neem.jpg https://upload.wikimedia.org/wikipedia/commons/2/20/Neem_%28Azadirachta_indica%29_in_Hyderabad_W_IMG_6976.jpg https://upload.wikimedia.org/wikipedia/commons/0/04/Neem_%28Azadirachta_indica%29_in_Hyderabad_W_IMG_7006.jpg https://upload.wikimedia.org/wikipedia/commons/a/a6/Neem_Twig_sellers.JPG https://upload.wikimedia.org/wikipedia/commons/2/2f/Neem_tree.JPG https://upload.wikimedia.org/wikipedia/commons/7/76/Neem_tree_farm_in_south_india.jpg https://upload.wikimedia.org/wikipedia/commons/8/8e/Neem_tree_leaves.JPG https://upload.wikimedia.org/wikipedia/commons/7/74/Red_Pencil_Icon.png https://upload.wikimedia.org/wikipedia/commons/5/5a/Status_iucn3.1_LC.svg https://upload.wikimedia.org/wikipedia/commons/a/ac/Unripe_Neem_fruits.jpg https://upload.wikimedia.org/wikipedia/en/4/4a/Commons-logo.svg https://upload.wikimedia.org/wikipedia/en/9/99/Question_book-new.svg
Azolla filiculoides,Azolla filiculoides,https://en.wikipedia.org/wiki/Azolla_filiculoides,https://upload.wikimedia.org/wikipedia/commons/1/1b/AzollaFiliculoidesProfil.JPG https://upload.wikimedia.org/wikipedia/commons/7/76/Azolla_filiculoides0.jpg https://upload.wikimedia.org/wikipedia/commons/f/f6/Azolla_filiculoides_and_L.minor.jpg https://upload.wikimedia.org/wikipedia/commons/0/0a/Image-IMG_0018Afil.JPG https://upload.wikimedia.org/wikipedia/commons/7/74/Red_Pencil_Icon.png https://upload.wikimedia.org/wikipedia/commons/5/50/Status_TNC_G5.svg https://upload.wikimedia.org/wikipedia/en/4/4a/Commons-logo.svg
Baccharis angustifolia,Baccharis angustifolia,https://en.wikipedia.org/wiki/Baccharis_angustifolia,https://upload.wikimedia.org/wikipedia/commons/a/ae/Baccharis_angustifolia.jpg https://upload.wikimedia.org/wikipedia/commons/e/ed/Bellis_perennis3_ies.jpg https://upload.wikimedia.org/wikipedia/commons/7/74/Red_Pencil_Icon.png
Baptisia bracteata,Baptisia bracteata,https://en.wikipedia.org/wiki/Baptisia_bracteata,https://upload.wikimedia.org/wikipedia/commons/b/b4/Baptisia_bracteata_var._leucophaea.jpg https://upload.wikimedia.org/wikipedia/commons/6/60/KOWHAI_%28Sophora_spp.%29._%2836614514360%29.jpg
Baptisia tinctoria,Baptisia tinctoria,https://en.wikipedia.org/wiki/Baptisia_tinctoria,https://upload.wikimedia.org/wikipedia/commons/0/01/Baptisia_tinctoria.jpg https://upload.wikimedia.org/wikipedia/commons/9/9b/Baptisia_tinctoria_BB-1913-2.png https://upload.wikimedia.org/wikipedia/commons/6/60/KOWHAI_%28Sophora_spp.%29._%2836614514360%29.jpg https://upload.wikimedia.org/wikipedia/commons/7/74/Red_Pencil_Icon.png
Basella alba,Basella alba,https://en.wikipedia.org/wiki/Basella_alba,https://upload.wikimedia.org/wikipedia/commons/5/5d/Basella_alba-1.JPG https://upload.wikimedia.org/wikipedia/commons/a/ab/Basella_alba-2.JPG https://upload.wikimedia.org/wikipedia/commons/5/56/Basella_alba_leaves_27052014.jpg https://upload.wikimedia.org/wikipedia/commons/c/c6/Basella_rubra.jpg https://upload.wikimedia.org/wikipedia/commons/7/74/Red_Pencil_Icon.png https://upload.wikimedia.org/wikipedia/commons/4/4e/%EA%A6%A0%EA%A6%B8%EA%A6%A9%EA%A6%B6%EA%A6%B1%EA%A7%80%EA%A6%92%EA%A6%BC%EA%A6%A4%EA%A7%80%EA%A6%A2%EA%A6%BA%EA%A6%B4%EA%A6%AD_tumis_gendola_2019.jpg https://upload.wikimedia.org/wikipedia/en/4/4a/Commons-logo.svg https://upload.wikimedia.org/wikipedia/en/9/99/Question_book-new.svg
Bassia scoparia,Bassia scoparia,https://en.wikipedia.org/wiki/Bassia_scoparia,https://upload.wikimedia.org/wikipedia/commons/a/a3/Bassia_scoparia_in_Jardin_des_Plantes_001.jpg https://upload.wikimedia.org/wikipedia/commons/c/c0/Kochia_Hitachi_Seaside_Park.jpg https://upload.wikimedia.org/wikipedia/commons/7/74/Kochia_aka_Fire_bush_7128.JPG https://upload.wikimedia.org/wikipedia/commons/8/80/Kochia_scoparia_%285129971536%29.jpg https://upload.wikimedia.org/wikipedia/commons/1/16/Kochia_scoparia_%285129971714%29.jpg https://upload.wikimedia.org/wikipedia/commons/9/92/Kochia_scoparia_%288161733508%29.jpg https://upload.wikimedia.org/wikipedia/commons/a/a7/Tonburi_Seed.JPG https://upload.wikimedia.org/wikipedia/commons/d/df/Wikispecies-logo.svg https://upload.wikimedia.org/wikipedia/en/4/4a/Commons-logo.svg https://upload.wikimedia.org/wikipedia/en/f/f2/Edit-clear.svg
Bauhinia blakeana,Bauhinia Ã— blakeana,https://en.wikipedia.org/wiki/Bauhinia_%C3%97_blakeana,https://upload.wikimedia.org/wikipedia/commons/f/ff/Bark_I_IMG_2073.jpg https://upload.wikimedia.org/wikipedia/commons/4/46/Bauhinia_blakeana_%28Key_West%29.jpg https://upload.wikimedia.org/wikipedia/commons/5/5b/Flag_of_Hong_Kong.svg https://upload.wikimedia.org/wikipedia/commons/7/71/Flower_buds_I_IMG_2064.jpg https://upload.wikimedia.org/wikipedia/commons/4/4b/Flowers_I_IMG_2101.jpg https://upload.wikimedia.org/wikipedia/commons/c/ce/HKUrbanCouncil.svg https://upload.wikimedia.org/wikipedia/commons/d/d4/Hong_Kong_Orchid_tree_flower.jpg https://upload.wikimedia.org/wikipedia/commons/9/92/Leaf_I_MG_2069.jpg https://upload.wikimedia.org/wikipedia/commons/f/f9/Tree_I_IMG_2075.jpg https://upload.wikimedia.org/wikipedia/commons/f/fc/Urban_Council_of_Hong_Kong_Armorial_Bearings.png https://upload.wikimedia.org/wikipedia/en/4/4a/Commons-logo.svg
Benincasa hispida,Wax gourd,https://en.wikipedia.org/wiki/Wax_gourd,https://upload.wikimedia.org/wikipedia/commons/d/d2/Benincasa_hispida_compose.jpg https://upload.wikimedia.org/wikipedia/commons/c/c3/Cantaloupe_Melon_cross_section.png https://upload.wikimedia.org/wikipedia/commons/b/b1/India_Ash_Gourd.jpg https://upload.wikimedia.org/wikipedia/commons/7/74/Red_Pencil_Icon.png https://upload.wikimedia.org/wikipedia/commons/b/bb/W_tougan4091.jpg https://upload.wikimedia.org/wikipedia/commons/b/b2/Winteelon_flowers.jpg https://upload.wikimedia.org/wikipedia/commons/9/9b/Winter_Melons_on_the_vine_in_Kurnool%2C_Andhra_Pradesh%2C_India_02.jpg https://upload.wikimedia.org/wikipedia/commons/b/b1/Winter_melon.jpg https://upload.wikimedia.org/wikipedia/commons/0/07/Winter_melon_in_backyard.jpg https://upload.wikimedia.org/wikipedia/commons/e/e9/Winter_melon_seed.jpg https://upload.wikimedia.org/wikipedia/commons/e/e9/Wintermelonsoup.jpg https://upload.wikimedia.org/wikipedia/commons/3/35/%E5%86%AC%E7%93%9C%E7%B3%96.jpg https://upload.wikimedia.org/wikipedia/en/4/4a/Commons-logo.svg https://upload.wikimedia.org/wikipedia/en/4/48/Folder_Hexagonal_Icon.svg https://upload.wikimedia.org/wikipedia/en/9/99/Question_book-new.svg
