Botanical Name,Page Name,Category,Wikilink
Iris Pseudacorus,Iris_pseudacorus,Perennial,https://en.wikipedia.org/wiki/Iris_pseudacorus
Iris Pumila,Iris_pumila,Perennial,https://en.wikipedia.org/wiki/Iris_pumila
Iris Reticulata,Iris_reticulata,Perennial,https://en.wikipedia.org/wiki/Iris_reticulata
Iris Sibirica,Iris_sibirica,Perennial,https://en.wikipedia.org/wiki/Iris_sibirica
Iris Versicolor,Iris_versicolor,Perennial,https://en.wikipedia.org/wiki/Iris_versicolor
Iris Virginica,Iris_virginica,Perennial,https://en.wikipedia.org/wiki/Iris_virginica
Isolepis Cernua,Isolepis_cernua,Grass (Ornamental),https://en.wikipedia.org/wiki/Isolepis_cernua
Jacaranda Mimosifolia,Jacaranda_mimosifolia,Tree,https://en.wikipedia.org/wiki/Jacaranda_mimosifolia
Jasminum Multiflorum,Jasminum_multiflorum,Vine,https://en.wikipedia.org/wiki/Jasminum_multiflorum
Jasminum Nitidum,NILL,Shrub,NILL
Jasminum Nudiflorum,Jasminum_nudiflorum,Shrub,https://en.wikipedia.org/wiki/Jasminum_nudiflorum
Jasminum Polyanthum,Jasminum_polyanthum,Vine,https://en.wikipedia.org/wiki/Jasminum_polyanthum
Jasminum Sambac,Jasminum_sambac,Shrub,https://en.wikipedia.org/wiki/Jasminum_sambac
Jatropha Integerrima,Jatropha_integerrima,Shrub,https://en.wikipedia.org/wiki/Jatropha_integerrima
Juglans Cinerea,Juglans_cinerea,Tree,https://en.wikipedia.org/wiki/Juglans_cinerea
Juglans Nigra,Juglans_nigra,Tree,https://en.wikipedia.org/wiki/Juglans_nigra
Juglans Regia,Juglans_regia,Tree,https://en.wikipedia.org/wiki/Juglans_regia
Juncus Effusus,Juncus_effusus,Grass (Ornamental),https://en.wikipedia.org/wiki/Juncus_effusus
Juncus Inflexus,NILL,Grass (Ornamental),NILL
Juncus Tenuis,Juncus_tenuis,Grass (Ornamental),https://en.wikipedia.org/wiki/Juncus_tenuis
Juniperus Conferta,Juniperus_conferta,Shrub,https://en.wikipedia.org/wiki/Juniperus_conferta
Juniperus Sabina,Juniperus_sabina,Shrub,https://en.wikipedia.org/wiki/Juniperus_sabina
Justicia Californica,Justicia_californica,Shrub,https://en.wikipedia.org/wiki/Justicia_californica
Justicia Carnea,Justicia_carnea,Tropical,https://en.wikipedia.org/wiki/Justicia_carnea
Justicia Ovata,NILL,Tropical,NILL
Justicia Spicigera,Justicia_spicigera,Shrub,https://en.wikipedia.org/wiki/Justicia_spicigera
Kalanchoe Gastonis-bonnieri,Kalanchoe_gastonis-bonnieri,Cacti/Succulent,https://en.wikipedia.org/wiki/Kalanchoe_gastonis-bonnieri
Kalmia Latifolia,Kalmia_latifolia,Shrub,https://en.wikipedia.org/wiki/Kalmia_latifolia
Kennedia Nigricans,Kennedia_nigricans,Vine,https://en.wikipedia.org/wiki/Kennedia_nigricans
Kniphofia Uvaria,Kniphofia_uvaria,Perennial,https://en.wikipedia.org/wiki/Kniphofia_uvaria
Koelreuteria Paniculata,Koelreuteria_paniculata,Tree,https://en.wikipedia.org/wiki/Koelreuteria_paniculata
Lactuca Sativa,Lettuce,Annual,https://en.wikipedia.org/wiki/Lactuca_sativa
Lagerstroemia Speciosa,Lagerstroemia_speciosa,Tree,https://en.wikipedia.org/wiki/Lagerstroemia_speciosa
Lamiastrum Galeobdolon,Lamium_galeobdolon,Perennial,https://en.wikipedia.org/wiki/Lamiastrum_galeobdolon
Lamium Maculatum,Lamium_maculatum,Perennial,https://en.wikipedia.org/wiki/Lamium_maculatum
Lantana Montevidensis,Lantana_montevidensis,Annual,https://en.wikipedia.org/wiki/Lantana_montevidensis
Larix Decidua,Larix_decidua,Tree,https://en.wikipedia.org/wiki/Larix_decidua
Larix Occidentalis,Larix_occidentalis,Tree,https://en.wikipedia.org/wiki/Larix_occidentalis
Larrea Tridentata,Larrea_tridentata,Shrub,https://en.wikipedia.org/wiki/Larrea_tridentata
Lathyrus Odoratus,Sweet_pea,Annual,https://en.wikipedia.org/wiki/Sweet_pea
Laurus Nobilis,Laurus_nobilis,Tree,https://en.wikipedia.org/wiki/Laurus_nobilis
Leonotis Leonurus,Leonotis_leonurus,Perennial,https://en.wikipedia.org/wiki/Leonotis_leonurus
Leptospermum Scoparium,Leptospermum_scoparium,Shrub,https://en.wikipedia.org/wiki/Leptospermum_scoparium
Leucojum Aestivum,Leucojum_aestivum,Flowering Bulb,https://en.wikipedia.org/wiki/Leucojum_aestivum
Leucophyllum Zygophyllum,NILL,Shrub,NILL
Leucothoe Axillaris,Leucothoe_axillaris,Shrub,https://en.wikipedia.org/wiki/Leucothoe_axillaris
Leucothoe Fontanesiana,Leucothoe_fontanesiana,Shrub,https://en.wikipedia.org/wiki/Leucothoe_fontanesiana
Lewisia Cotyledon,Lewisia_cotyledon,Perennial,https://en.wikipedia.org/wiki/Lewisia_cotyledon
Lewisia Longipetala,Lewisia_longipetala,Perennial,https://en.wikipedia.org/wiki/Lewisia_longipetala
Leycesteria Formosa,Leycesteria_formosa,Annual,https://en.wikipedia.org/wiki/Leycesteria_formosa
Leymus Arenarius,Leymus_arenarius,Grass (Ornamental),https://en.wikipedia.org/wiki/Leymus_arenarius
Liatris Microcephala,Liatris_microcephala,Perennial,https://en.wikipedia.org/wiki/Liatris_microcephala
Liatris Spicata,Liatris_spicata,Perennial,https://en.wikipedia.org/wiki/Liatris_spicata
Ligustrum Amurense,Ligustrum_obtusifolium,Shrub,https://en.wikipedia.org/wiki/Ligustrum_obtusifolium
Ligustrum Lucidum,Ligustrum_lucidum,Shrub,https://en.wikipedia.org/wiki/Ligustrum_lucidum
Ligustrum Sinense,Ligustrum_sinense,Shrub,https://en.wikipedia.org/wiki/Ligustrum_sinense
Lilium Longiflorum,Lilium_longiflorum,Perennial,https://en.wikipedia.org/wiki/Lilium_longiflorum
Limonium Perezii,Limonium_perezii,Perennial,https://en.wikipedia.org/wiki/Limonium_perezii
Limonium Sinuatum,Limonium_sinuatum,Perennial,https://en.wikipedia.org/wiki/Limonium_sinuatum
Lindernia Grandiflora,NILL,Ground Cover,NILL
Liquidambar Styraciflua,Liquidambar_styraciflua,Tree,https://en.wikipedia.org/wiki/Liquidambar_styraciflua
Liriodendron Tulipifera,Liriodendron_tulipifera,Tree,https://en.wikipedia.org/wiki/Liriodendron_tulipifera
Liriope Spicata,Liriope_spicata,Ground Cover,https://en.wikipedia.org/wiki/Liriope_spicata
Litchi Chinensis,Lychee,Tree,https://en.wikipedia.org/wiki/Lychee
Livistona Chinensis,Livistona_chinensis,House Plant,https://en.wikipedia.org/wiki/Livistona_chinensis
Lobelia Cardinalis,Lobelia_cardinalis,Perennial,https://en.wikipedia.org/wiki/Lobelia_cardinalis
Lobelia Erinus,Lobelia_erinus,Annual,https://en.wikipedia.org/wiki/Lobelia_erinus
Lobelia Laxiflora,Lobelia_laxiflora,Perennial,https://en.wikipedia.org/wiki/Lobelia_laxiflora
Lobelia Siphilitica,Lobelia_siphilitica,Perennial,https://en.wikipedia.org/wiki/Lobelia_siphilitica
Lobularia Maritima,Lobularia_maritima,Annual,https://en.wikipedia.org/wiki/Lobularia_maritima
Lolium Perenne,Lolium_perenne,Grass (Lawn),https://en.wikipedia.org/wiki/Lolium_perenne
Lonicera Caerulea,Lonicera_caerulea,Fruit,https://en.wikipedia.org/wiki/Lonicera_caerulea
Lonicera Fragrantissima,Lonicera_fragrantissima,Shrub,https://en.wikipedia.org/wiki/Lonicera_fragrantissima
Lupinus Argenteus,Lupinus_argenteus,Perennial,https://en.wikipedia.org/wiki/Lupinus_argenteus
Luzula Nivea,Luzula_nivea,Grass (Ornamental),https://en.wikipedia.org/wiki/Luzula_nivea
Lychnis Chalcedonica,Lychnis_chalcedonica,Perennial,https://en.wikipedia.org/wiki/Lychnis_chalcedonica
Lycium Barbarum,Lycium_barbarum,Fruit,https://en.wikipedia.org/wiki/Lycium_barbarum
Lycoris Squamigera,Lycoris_squamigera,Flowering Bulb,https://en.wikipedia.org/wiki/Lycoris_squamigera
Lysimachia Clethroides,Lysimachia_clethroides,Perennial,https://en.wikipedia.org/wiki/Lysimachia_clethroides
Lysimachia Nummularia,Lysimachia_nummularia,Ground Cover,https://en.wikipedia.org/wiki/Lysimachia_nummularia
Lysimachia Punctata,Lysimachia_punctata,Perennial,https://en.wikipedia.org/wiki/Lysimachia_punctata
Macfadyena Unguis-cati,Dolichandra_unguis-cati,Vine,https://en.wikipedia.org/wiki/Dolichandra_unguis-cati
Magnolia Grandiflora,Magnolia_grandiflora,Tree,https://en.wikipedia.org/wiki/Magnolia_grandiflora
Magnolia Stellata,Magnolia_stellata,Tree,https://en.wikipedia.org/wiki/Magnolia_stellata
Magnolia Virginiana,Magnolia_virginiana,Tree,https://en.wikipedia.org/wiki/Magnolia_virginiana
Mahonia Aquifolium,Mahonia_aquifolium,Shrub,https://en.wikipedia.org/wiki/Mahonia_aquifolium
Mahonia Bealei,Mahonia_bealei,Shrub,https://en.wikipedia.org/wiki/Mahonia_bealei
Mahonia Nervosa,Mahonia_nervosa,Shrub,https://en.wikipedia.org/wiki/Mahonia_nervosa
Mahonia Repens,Mahonia_repens,Ground Cover,https://en.wikipedia.org/wiki/Mahonia_repens
Malpighia Glabra,Malpighia_glabra,Shrub,https://en.wikipedia.org/wiki/Malpighia_glabra
Mangifera Indica,Mangifera_indica,Tree,https://en.wikipedia.org/wiki/Mangifera_indica
Maranta Leuconeura,Maranta_leuconeura,House Plant,https://en.wikipedia.org/wiki/Maranta_leuconeura
Matricaria Recutita,Matricaria_chamomilla,Herb,https://en.wikipedia.org/wiki/Matricaria_chamomilla
Matteuccia Struthiopteris,Matteuccia,Fern,https://en.wikipedia.org/wiki/Matteuccia
Matthiola Incana,Matthiola_incana,Annual,https://en.wikipedia.org/wiki/Matthiola_incana
Maytenus Boaria,Maytenus_boaria,Tree,https://en.wikipedia.org/wiki/Maytenus_boaria
Medinilla Magnifica,Medinilla_magnifica,Tropical,https://en.wikipedia.org/wiki/Medinilla_magnifica
Meehania Cordata,Meehania_cordata,Perennial,https://en.wikipedia.org/wiki/Meehania_cordata
Megaskepasma Erythrochlamys,Megaskepasma,Tropical,https://en.wikipedia.org/wiki/Megaskepasma
Melaleuca Diosmifolia,Melaleuca_diosmifolia,Shrub,https://en.wikipedia.org/wiki/Melaleuca_diosmifolia
Melaleuca Elliptica,Melaleuca_elliptica,Shrub,https://en.wikipedia.org/wiki/Melaleuca_elliptica
Melaleuca Huegelii,Melaleuca_huegelii,Shrub,https://en.wikipedia.org/wiki/Melaleuca_huegelii
Melaleuca Hypericifolia,Melaleuca_hypericifolia,Shrub,https://en.wikipedia.org/wiki/Melaleuca_hypericifolia
Melaleuca Megacephala,Melaleuca_megacephala,Shrub,https://en.wikipedia.org/wiki/Melaleuca_megacephala
Melaleuca Nesophila,Melaleuca_nesophila,Shrub,https://en.wikipedia.org/wiki/Melaleuca_nesophila
Melaleuca Pulchella,Melaleuca_pulchella,Shrub,https://en.wikipedia.org/wiki/Melaleuca_pulchella
Melia Azedarach,Melia_azedarach,Tree,https://en.wikipedia.org/wiki/Melia_azedarach
Mentha Pulegium,Mentha_pulegium,Herb,https://en.wikipedia.org/wiki/Mentha_pulegium
Mentha Requienii,Mentha_requienii,Herb,https://en.wikipedia.org/wiki/Mentha_requienii
Metasequoia Glyptostroboides,Metasequoia_glyptostroboides,Tree,https://en.wikipedia.org/wiki/Metasequoia_glyptostroboides
Microlepia Strigosa,Microlepia_strigosa,Fern,https://en.wikipedia.org/wiki/Microlepia_strigosa
Mimulus Ringens,Mimulus_ringens,Shrub,https://en.wikipedia.org/wiki/Mimulus_ringens
Mirabilis Jalapa,Mirabilis_jalapa,Annual,https://en.wikipedia.org/wiki/Mirabilis_jalapa
Miscanthus Sinensis,Miscanthus_sinensis,Grass (Ornamental),https://en.wikipedia.org/wiki/Miscanthus_sinensis
Monarda Bradburiana,Monarda_bradburiana,Perennial,https://en.wikipedia.org/wiki/Monarda_bradburiana
Monarda Fistulosa,Monarda_fistulosa,Perennial,https://en.wikipedia.org/wiki/Monarda_fistulosa
Monstera Deliciosa,Monstera_deliciosa,Tropical,https://en.wikipedia.org/wiki/Monstera_deliciosa
Moringa Oleifera,Moringa_oleifera,Tree,https://en.wikipedia.org/wiki/Moringa_oleifera
Morus Alba,Morus_alba,Tree,https://en.wikipedia.org/wiki/Morus_alba
Morus Rubra,Morus_rubra,Tree,https://en.wikipedia.org/wiki/Morus_rubra
Muehlenbeckia Complexa,Muehlenbeckia_complexa,Ground Cover,https://en.wikipedia.org/wiki/Muehlenbeckia_complexa
Muhlenbergia Rigens,Muhlenbergia_rigens,Grass (Ornamental),https://en.wikipedia.org/wiki/Muhlenbergia_rigens
Murraya Exotica,Murraya_paniculata,Shrub,https://en.wikipedia.org/wiki/Murraya_paniculata
Musa Velutina,Musa_velutina,Fruit,https://en.wikipedia.org/wiki/Musa_velutina
Muscari Armeniacum,Muscari_armeniacum,Flowering Bulb,https://en.wikipedia.org/wiki/Muscari_armeniacum
Mussaenda Erythrophylla,Mussaenda_erythrophylla,Tropical,https://en.wikipedia.org/wiki/Mussaenda_erythrophylla
Myoporum Laetum,Myoporum_laetum,Tree,https://en.wikipedia.org/wiki/Myoporum_laetum
Myoporum Parvifolium,myoporum_parvifolium,Ground Cover,https://en.wikipedia.org/wiki/myoporum_parvifolium
Myrtus Communis,myrtus_communis,Shrub,https://en.wikipedia.org/wiki/myrtus_communis
Narcissus Bulbocodium,narcissus_bulbocodium,Perennial,https://en.wikipedia.org/wiki/narcissus_bulbocodium
Narcissus Tazetta,narcissus_tazetta,Flowering Bulb,https://en.wikipedia.org/wiki/narcissus_tazetta
Nepeta Cataria,nepeta_cataria,Herb,https://en.wikipedia.org/wiki/nepeta_cataria
Nephrolepis Cordifolia,nephrolepis_cordifolia,Fern,https://en.wikipedia.org/wiki/nephrolepis_cordifolia
Nephrolepis Falcata,nephrolepis_falcata,Fern,https://en.wikipedia.org/wiki/nephrolepis_falcata
Nephrolepis Obliterata,nephrolepis_obliterata,Fern,https://en.wikipedia.org/wiki/nephrolepis_obliterata
Nicotiana Alata,nicotiana_alata,Annual,https://en.wikipedia.org/wiki/nicotiana_alata
Nolina Microcarpa,nolina_microcarpa,Grass (Ornamental),https://en.wikipedia.org/wiki/nolina_microcarpa
Nyssa Sylvatica,nyssa_sylvatica,Tree,https://en.wikipedia.org/wiki/nyssa_sylvatica
Ocimum Basilicum,ocimum_basilicum,Herb,https://en.wikipedia.org/wiki/ocimum_basilicum
Oenothera Drummondii,oenothera_drummondii,Perennial,NILL
Oenothera Speciosa,oenothera_speciosa,Perennial,https://en.wikipedia.org/wiki/oenothera_speciosa
Olea Europaea,olea_europaea,Tree,https://en.wikipedia.org/wiki/olea_europaea
Olneya Tesota,olneya_tesota,Tree,https://en.wikipedia.org/wiki/olneya_tesota
Onoclea Sensibilis,onoclea_sensibilis,Fern,https://en.wikipedia.org/wiki/onoclea_sensibilis
Ophiopogon Jaburan,ophiopogon_jaburan,Ground Cover,NILL
Ophiopogon Japonicus,ophiopogon_japonicus,Ground Cover,https://en.wikipedia.org/wiki/ophiopogon_japonicus
Opuntia Aciculata,opuntia_aciculata,Shrub,https://en.wikipedia.org/wiki/opuntia_aciculata
Opuntia Basilaris,opuntia_basilaris,Shrub,https://en.wikipedia.org/wiki/opuntia_basilaris
Origanum Majorana,origanum_majorana,Herb,https://en.wikipedia.org/wiki/origanum_majorana
Origanum Vulgare,origanum_vulgare,Herb,https://en.wikipedia.org/wiki/origanum_vulgare
Ornithogalum Umbellatum,ornithogalum_umbellatum,Perennial,https://en.wikipedia.org/wiki/ornithogalum_umbellatum
Osmanthus Delavayi,osmanthus_delavayi,Shrub,https://en.wikipedia.org/wiki/osmanthus_delavayi
Osmanthus Fragrans,osmanthus_fragrans,Shrub,https://en.wikipedia.org/wiki/osmanthus_fragrans
Osmunda Cinnamomea,osmunda_cinnamomea,Fern,https://en.wikipedia.org/wiki/osmunda_cinnamomea
Osmunda Claytoniana,osmunda_claytoniana,Fern,https://en.wikipedia.org/wiki/osmunda_claytoniana
Osmunda Regalis,osmunda_regalis,Fern,https://en.wikipedia.org/wiki/osmunda_regalis
Osteospermum Ecklonis,osteospermum_ecklonis,Annual,https://en.wikipedia.org/wiki/osteospermum_ecklonis
Pachira Aquatica,pachira_aquatica,House Plant,https://en.wikipedia.org/wiki/pachira_aquatica
Pachysandra Terminalis,pachysandra_terminalis,Ground Cover,https://en.wikipedia.org/wiki/pachysandra_terminalis
Pachystachys Lutea,pachystachys_lutea,Tropical,https://en.wikipedia.org/wiki/pachystachys_lutea
Paeonia Lactiflora,paeonia_lactiflora,Perennial,https://en.wikipedia.org/wiki/paeonia_lactiflora
Panicum Virgatum,panicum_virgatum,Grass (Ornamental),https://en.wikipedia.org/wiki/panicum_virgatum
Parkinsonia Aculeata,parkinsonia_aculeata,Tree,https://en.wikipedia.org/wiki/parkinsonia_aculeata
Parrotia Persica,parrotia_persica,Tree,https://en.wikipedia.org/wiki/parrotia_persica
Parthenocissus Quinquefolia,parthenocissus_quinquefolia,Vine,https://en.wikipedia.org/wiki/parthenocissus_quinquefolia
Parthenocissus Tricuspidata,parthenocissus_tricuspidata,Vine,https://en.wikipedia.org/wiki/parthenocissus_tricuspidata
Passiflora Coccinea,passiflora_coccinea,Vine,https://en.wikipedia.org/wiki/passiflora_coccinea
Passiflora Edulis,passiflora_edulis,Fruit,https://en.wikipedia.org/wiki/passiflora_edulis
Passiflora Incarnata,passiflora_incarnata,Vine,https://en.wikipedia.org/wiki/passiflora_incarnata
Passiflora Vitifolia,passiflora_vitifolia,Vine,https://en.wikipedia.org/wiki/passiflora_vitifolia
Pedilanthus Tithymaloides,pedilanthus_tithymaloides,House Plant,https://en.wikipedia.org/wiki/pedilanthus_tithymaloides
Pelargonium Peltatum,pelargonium_peltatum,Annual,https://en.wikipedia.org/wiki/pelargonium_peltatum
Pelargonium Quercifolium,pelargonium_quercifolium,Annual,https://en.wikipedia.org/wiki/pelargonium_quercifolium
Pennisetum Glaucum,pennisetum_glaucum,Annual,https://en.wikipedia.org/wiki/pennisetum_glaucum
Pennisetum Orientale,pennisetum_orientale,Grass (Ornamental),https://en.wikipedia.org/wiki/pennisetum_orientale
Pennisetum Setaceum,pennisetum_setaceum,Grass (Ornamental),https://en.wikipedia.org/wiki/pennisetum_setaceum
Penstemon Digitalis,penstemon_digitalis,Perennial,
Penstemon Eatonii,penstemon_eatonii,Perennial,https://en.wikipedia.org/wiki/penstemon_eatonii
Penstemon Palmeri,penstemon_palmeri,Perennial,https://en.wikipedia.org/wiki/penstemon_palmeri
Penstemon Parryi,penstemon_parryi,Perennial,https://en.wikipedia.org/wiki/penstemon_parryi
Penstemon Pinifolius,penstemon_pinifolius,Perennial,NILL
Penstemon Serrulatus,penstemon_serrulatus,Perennial,https://en.wikipedia.org/wiki/penstemon_serrulatus
Penstemon Strictus,penstemon_strictus,Perennial,https://en.wikipedia.org/wiki/penstemon_strictus
Pentalinon Luteum,pentalinon_luteum,Vine,https://en.wikipedia.org/wiki/pentalinon_luteum
Peperomia Obtusifolia,peperomia_obtusifolia,Tropical,https://en.wikipedia.org/wiki/peperomia_obtusifolia
Perilla Frutescens,perilla_frutescens,Annual,https://en.wikipedia.org/wiki/perilla_frutescens
Perovskia Atriplicifolia,perovskia_atriplicifolia,Perennial,https://en.wikipedia.org/wiki/perovskia_atriplicifolia
Persea Americana,persea_americana,Tree,https://en.wikipedia.org/wiki/persea_americana
Petroselinum Crispum,petroselinum_crispum,Herb,https://en.wikipedia.org/wiki/petroselinum_crispum
Phaseolus Vulgaris,phaseolus_vulgaris,Vegetable,https://en.wikipedia.org/wiki/phaseolus_vulgaris
Philadelphus Coronarius,philadelphus_coronarius,Shrub,https://en.wikipedia.org/wiki/philadelphus_coronarius
Philodendron Cordatum,philodendron_cordatum,House Plant,https://en.wikipedia.org/wiki/philodendron_cordatum
Philodendron Selloum,philodendron_selloum,House Plant,https://en.wikipedia.org/wiki/philodendron_selloum
Phlox Pilosa,phlox_pilosa,Perennial,https://en.wikipedia.org/wiki/phlox_pilosa
Phlox Subulata,phlox_subulata,Perennial,https://en.wikipedia.org/wiki/phlox_subulata
Phoenix Sylvestris,phoenix_sylvestris,Tropical,https://en.wikipedia.org/wiki/phoenix_sylvestris
Phormium Tenax,phormium_tenax,Tropical,https://en.wikipedia.org/wiki/phormium_tenax
Phyllostachys Aurea,phyllostachys_aurea,Perennial,https://en.wikipedia.org/wiki/phyllostachys_aurea
Physalis Alkekengi,physalis_alkekengi,Annual,https://en.wikipedia.org/wiki/physalis_alkekengi
Physalis Peruviana,physalis_peruviana,Fruit,https://en.wikipedia.org/wiki/physalis_peruviana
Physalis Philadelphica,physalis_philadelphica,Vegetable,https://en.wikipedia.org/wiki/physalis_philadelphica
Physocarpus Opulifolius,physocarpus_opulifolius,Shrub,https://en.wikipedia.org/wiki/physocarpus_opulifolius
Physostegia Virginiana,physostegia_virginiana,Perennial,https://en.wikipedia.org/wiki/physostegia_virginiana
Picea Abies,picea_abies,Tree,https://en.wikipedia.org/wiki/picea_abies
Picea Engelmannii,picea_engelmannii,Tree,https://en.wikipedia.org/wiki/picea_engelmannii
Picea Omorika,picea_omorika,Tree,https://en.wikipedia.org/wiki/picea_omorika
Picea Pungens,picea_pungens,Tree,https://en.wikipedia.org/wiki/picea_pungens
Picea Sitchensis,picea_sitchensis,Tree,https://en.wikipedia.org/wiki/picea_sitchensis
Pieris Japonica,pieris_japonica,Shrub,https://en.wikipedia.org/wiki/pieris_japonica
Pinus Aristata,pinus_aristata,Tree,https://en.wikipedia.org/wiki/pinus_aristata
Pinus Contorta var. contorta,pinus_contorta_var._contorta,Tree,NILL
Pinus Leucodermis,pinus_leucodermis,Tree,https://en.wikipedia.org/wiki/pinus_leucodermis
Pinus Monticola,pinus_monticola,Tree,https://en.wikipedia.org/wiki/pinus_monticola
Pinus Nigra,pinus_nigra,Tree,https://en.wikipedia.org/wiki/pinus_nigra
Pinus Ponderosa,pinus_ponderosa,Tree,https://en.wikipedia.org/wiki/pinus_ponderosa
Pinus Strobiformis,pinus_strobiformis,Tree,https://en.wikipedia.org/wiki/pinus_strobiformis
Pinus Strobus,pinus_strobus,Tree,https://en.wikipedia.org/wiki/pinus_strobus
Pinus Sylvestris,pinus_sylvestris,Tree,https://en.wikipedia.org/wiki/pinus_sylvestris
Pinus Taeda,pinus_taeda,Tree,https://en.wikipedia.org/wiki/pinus_taeda
Pistacia Chinensis,pistacia_chinensis,Tree,https://en.wikipedia.org/wiki/pistacia_chinensis
Pistacia Lentiscus,pistacia_lentiscus,Shrub,https://en.wikipedia.org/wiki/pistacia_lentiscus
Pistia Stratiotes,pistia_stratiotes,Annual,https://en.wikipedia.org/wiki/pistia_stratiotes
Pithecellobium Dulce,pithecellobium_dulce,Tree,https://en.wikipedia.org/wiki/pithecellobium_dulce
Pittosporum Tenuifolium,pittosporum_tenuifolium,Shrub,https://en.wikipedia.org/wiki/pittosporum_tenuifolium
Pittosporum Tobira,pittosporum_tobira,Shrub,https://en.wikipedia.org/wiki/pittosporum_tobira
Platanus Occidentalis,platanus_occidentalis,Tree,https://en.wikipedia.org/wiki/platanus_occidentalis
Platanus Racemosa,platanus_racemosa,Tree,https://en.wikipedia.org/wiki/platanus_racemosa
Platycodon Grandiflorus,platycodon_grandiflorus,Perennial,https://en.wikipedia.org/wiki/platycodon_grandiflorus
Plumbago Auriculata,plumbago_auriculata,Annual,https://en.wikipedia.org/wiki/plumbago_auriculata
Plumeria Obtusa,plumeria_obtusa,Shrub,https://en.wikipedia.org/wiki/plumeria_obtusa
Plumeria Rubra,plumeria_rubra,House Plant,https://en.wikipedia.org/wiki/plumeria_rubra
Poa Pratensis,poa_pratensis,Grass (Lawn),https://en.wikipedia.org/wiki/poa_pratensis
Podocarpus Macrophyllus,podocarpus_macrophyllus,Tree,https://en.wikipedia.org/wiki/podocarpus_macrophyllus
Podranea Ricasoliana,podranea_ricasoliana,House Plant,NILL
Polemonium Reptans,polemonium_reptans,Perennial,https://en.wikipedia.org/wiki/polemonium_reptans
Polianthes Tuberosa,polianthes_tuberosa,Perennial,https://en.wikipedia.org/wiki/polianthes_tuberosa
Poliomintha Longiflora,poliomintha_longiflora,Shrub,NILL
Polygonum Capitatum,polygonum_capitatum,Ground Cover,https://en.wikipedia.org/wiki/polygonum_capitatum
Polystichum Acrostichoides,polystichum_acrostichoides,Fern,https://en.wikipedia.org/wiki/polystichum_acrostichoides
Polystichum Munitum,polystichum_munitum,Fern,https://en.wikipedia.org/wiki/polystichum_munitum
Polystichum Polyblepharum,polystichum_polyblepharum,Fern,https://en.wikipedia.org/wiki/polystichum_polyblepharum
Polystichum Tsus-simense,polystichum_tsus-simense,Fern,https://en.wikipedia.org/wiki/polystichum_tsus-simense
Pontederia Cordata,pontederia_cordata,Perennial,https://en.wikipedia.org/wiki/pontederia_cordata
Populus Alba,populus_alba,Tree,https://en.wikipedia.org/wiki/populus_alba
Populus Deltoides,populus_deltoides,Tree,https://en.wikipedia.org/wiki/populus_deltoides
Populus Fremontii,populus_fremontii,Tree,https://en.wikipedia.org/wiki/populus_fremontii
Populus Tremuloides,populus_tremuloides,Tree,https://en.wikipedia.org/wiki/populus_tremuloides
Portulaca Grandiflora,portulaca_grandiflora,Annual,https://en.wikipedia.org/wiki/portulaca_grandiflora
Portulaca Oleracea,portulaca_oleracea,Annual,https://en.wikipedia.org/wiki/portulaca_oleracea
Portulacaria Afra,portulacaria_afra,Cacti/Succulent,https://en.wikipedia.org/wiki/portulacaria_afra
Prosopis Chilensis,prosopis_chilensis,Tree,https://en.wikipedia.org/wiki/prosopis_chilensis
Prosopis Glandulosa,prosopis_glandulosa,Tree,https://en.wikipedia.org/wiki/prosopis_glandulosa
Prosopis Velutina,prosopis_velutina,Tree,https://en.wikipedia.org/wiki/prosopis_velutina
Prunella Laciniata,prunella_laciniata,Perennial,https://en.wikipedia.org/wiki/prunella_laciniata
Prunus Armeniaca,prunus_armeniaca,Tree,https://en.wikipedia.org/wiki/prunus_armeniaca
Prunus Avium,prunus_avium,Tree,https://en.wikipedia.org/wiki/prunus_avium
Prunus Caroliniana,prunus_caroliniana,Tree,https://en.wikipedia.org/wiki/prunus_caroliniana
Prunus Cerasifera,prunus_cerasifera,Tree,https://en.wikipedia.org/wiki/prunus_cerasifera
Prunus Dulcis,prunus_dulcis,Tree,https://en.wikipedia.org/wiki/prunus_dulcis
Prunus Laurocerasus,prunus_laurocerasus,Shrub,https://en.wikipedia.org/wiki/prunus_laurocerasus
Prunus Lusitanica,prunus_lusitanica,Shrub,https://en.wikipedia.org/wiki/prunus_lusitanica
Prunus Maackii,prunus_maackii,Tree,https://en.wikipedia.org/wiki/prunus_maackii
Prunus Persica,prunus_persica,Tree,https://en.wikipedia.org/wiki/Peach
Prunus Persica var. nucipersica,Prunus_Persica_var._nucipersica,Tree,https://en.wikipedia.org/wiki/Peach
Prunus Salicina,Prunus_salicina,Tree,https://en.wikipedia.org/wiki/Prunus_salicina
Prunus Tomentosa,Prunus_tomentosa,Tree,https://en.wikipedia.org/wiki/Prunus_tomentosa
Prunus Triloba,Prunus_triloba,Shrub,https://en.wikipedia.org/wiki/Prunus_triloba
Prunus Virginiana,Prunus_virginiana,Tree,https://en.wikipedia.org/wiki/Prunus_virginiana
Pseudogynoxys Chenopodioides,Pseudogynoxys_chenopodioides,Vine,https://en.wikipedia.org/wiki/Pseudogynoxys_chenopodioides
Pseudotsuga Menziesii,Douglas_fir,Tree,https://en.wikipedia.org/wiki/Douglas_fir
Psidium Cattleianum,Psidium_cattleyanum,Fruit,https://en.wikipedia.org/wiki/Psidium_cattleyanum
Psidium Guajava,Psidium_guajava,Tree,https://en.wikipedia.org/wiki/Psidium_guajava
Ptychosperma Elegans,Ptychosperma_elegans,Tree,https://en.wikipedia.org/wiki/Ptychosperma_elegans
Pulsatilla Vulgaris,Pulsatilla_vulgaris,Perennial,https://en.wikipedia.org/wiki/Pulsatilla_vulgaris
Punica Granatum,Pomegranate,Tree,https://en.wikipedia.org/wiki/Pomegranate
Pycnanthemum Muticum,NILL,Perennial,NILL
Pyrostegia Venusta,Pyrostegia_venusta,Tropical,https://en.wikipedia.org/wiki/Pyrostegia_venusta
Pyrus Communis,Pyrus_communis,Tree,https://en.wikipedia.org/wiki/Pyrus_communis
Pyrus Pyrifolia,Pyrus_pyrifolia,Tree,https://en.wikipedia.org/wiki/Pyrus_pyrifolia
Quercus Acutissima,Quercus_acutissima,Tree,https://en.wikipedia.org/wiki/Quercus_acutissima
Quercus Agrifolia,Quercus_agrifolia,Tree,https://en.wikipedia.org/wiki/Quercus_agrifolia
Quercus Alba,Quercus_alba,Tree,https://en.wikipedia.org/wiki/Quercus_alba
Quercus Bicolor,Quercus_bicolor,Tree,https://en.wikipedia.org/wiki/Quercus_bicolor
Quercus Coccinea,Quercus_coccinea,Tree,https://en.wikipedia.org/wiki/Quercus_coccinea
Quercus Ellipsoidalis,Quercus_ellipsoidalis,Tree,https://en.wikipedia.org/wiki/Quercus_ellipsoidalis
Quercus Imbricaria,Quercus_imbricaria,Tree,https://en.wikipedia.org/wiki/Quercus_imbricaria
Quercus Kelloggii,Quercus_kelloggii,Tree,https://en.wikipedia.org/wiki/Quercus_kelloggii
Quercus Laceyi,Quercus_laceyi,Tree,https://en.wikipedia.org/wiki/Quercus_laceyi
Quercus Lobata,Quercus_lobata,Tree,https://en.wikipedia.org/wiki/Quercus_lobata
Quercus Nigra,Quercus_nigra,Tree,https://en.wikipedia.org/wiki/Quercus_nigra
Quercus Palustris,Quercus_palustris,Tree,https://en.wikipedia.org/wiki/Quercus_palustris
Quercus Phellos,Quercus_phellos,Tree,https://en.wikipedia.org/wiki/Quercus_phellos
Quercus Polymorpha,Quercus_polymorpha,Tree,https://en.wikipedia.org/wiki/Quercus_polymorpha
Quercus Rubra,Quercus_rubra,Tree,https://en.wikipedia.org/wiki/Quercus_rubra
Quercus Shumardii,Quercus_shumardii,Tree,https://en.wikipedia.org/wiki/Quercus_shumardii
Quisqualis Indica,Combretum_indicum,Vine,https://en.wikipedia.org/wiki/Combretum_indicum
Radermachera Sinica,Radermachera_sinica,House Plant,https://en.wikipedia.org/wiki/Radermachera_sinica
Ratibida Pinnata,Ratibida_pinnata,Perennial,https://en.wikipedia.org/wiki/Ratibida_pinnata
Ravenala Madagascariensis,Ravenala,Shrub,https://en.wikipedia.org/wiki/Ravenala
Rhaphiolepis Indica,Rhaphiolepis_indica,Shrub,https://en.wikipedia.org/wiki/Rhaphiolepis_indica
Rhapidophyllum Hystrix,Rhapidophyllum,Shrub,https://en.wikipedia.org/wiki/Rhapidophyllum
Rhapis Excelsa,Rhapis_excelsa,House Plant,https://en.wikipedia.org/wiki/Rhapis_excelsa
Rhus Glabra,Rhus_glabra,Shrub,https://en.wikipedia.org/wiki/Rhus_glabra
Rhus Lancea,Searsia_lancea,Tree,https://en.wikipedia.org/wiki/Searsia_lancea
Rhus Trilobata,Rhus_trilobata,Shrub,https://en.wikipedia.org/wiki/Rhus_trilobata
Ribes Alpinum,Ribes_alpinum,Shrub,https://en.wikipedia.org/wiki/Ribes_alpinum
Ribes Nigrum,Blackcurrant,Fruit,https://en.wikipedia.org/wiki/Blackcurrant
Roystonea Regia,Roystonea_regia,Tropical,https://en.wikipedia.org/wiki/Roystonea_regia
Rudbeckia Laciniata,Rudbeckia_laciniata,Perennial,https://en.wikipedia.org/wiki/Rudbeckia_laciniata
Rudbeckia Maxima,Rudbeckia_maxima,Perennial,https://en.wikipedia.org/wiki/Rudbeckia_maxima
Rudbeckia Triloba,Rudbeckia_triloba,Perennial,https://en.wikipedia.org/wiki/Rudbeckia_triloba
Ruellia Humilis,Ruellia_humilis,Perennial,https://en.wikipedia.org/wiki/Ruellia_humilis
Rumex Sanguineus,Rumex_sanguineus,Annual,https://en.wikipedia.org/wiki/Rumex_sanguineus
Rumohra Adiantiformis,Rumohra_adiantiformis,Fern,https://en.wikipedia.org/wiki/Rumohra_adiantiformis
Russelia Equisetiformis,Russelia_equisetiformis,House Plant,https://en.wikipedia.org/wiki/Russelia_equisetiformis
Sabal Palmetto,Sabal_palmetto,Tree,https://en.wikipedia.org/wiki/Sabal_palmetto
Sagina Subulata,Sagina_subulata,Ground Cover,https://en.wikipedia.org/wiki/Sagina_subulata
Salix Babylonica,Salix_babylonica,Tree,https://en.wikipedia.org/wiki/Salix_babylonica
Salix Caprea,Salix_caprea,Tree,https://en.wikipedia.org/wiki/Salix_caprea
Salix Discolor,Salix_discolor,Tree,https://en.wikipedia.org/wiki/Salix_discolor
Salpiglossis Sinuata,Salpiglossis_sinuata,Annual,https://en.wikipedia.org/wiki/Salpiglossis_sinuata
Salvia Argentea,Salvia_argentea,Perennial,https://en.wikipedia.org/wiki/Salvia_argentea
Salvia Coccinea,Salvia_coccinea,Perennial,https://en.wikipedia.org/wiki/Salvia_coccinea
Sanguisorba Minor,Sanguisorba_minor,Vegetable,https://en.wikipedia.org/wiki/Sanguisorba_minor
Sansevieria Trifasciata,Sansevieria_trifasciata,Tropical,https://en.wikipedia.org/wiki/Sansevieria_trifasciata
Sanvitalia Procumbens,Sanvitalia_procumbens,Annual,https://en.wikipedia.org/wiki/Sanvitalia_procumbens
Saponaria Ocymoides,Saponaria_ocymoides,Perennial,https://en.wikipedia.org/wiki/Saponaria_ocymoides
Sarracenia Purpurea,Sarracenia_purpurea,Perennial,https://en.wikipedia.org/wiki/Sarracenia_purpurea
Saururus Cernuus,Saururus_cernuus,Perennial,https://en.wikipedia.org/wiki/Saururus_cernuus
Scabiosa Columbaria,NILL,Perennial,NILL
Schefflera Arboricola,Schefflera_arboricola,House Plant,https://en.wikipedia.org/wiki/Schefflera_arboricola
Scilla Siberica,Scilla_siberica,Perennial,https://en.wikipedia.org/wiki/Scilla_siberica
Sedum Acre,Sedum_acre,Cacti/Succulent,https://en.wikipedia.org/wiki/Sedum_acre
Sedum Album,Sedum_album,Ground Cover,https://en.wikipedia.org/wiki/Sedum_album
Sedum Dasyphyllum,Sedum_dasyphyllum,Cacti/Succulent,https://en.wikipedia.org/wiki/Sedum_dasyphyllum
Sedum Divergens,Sedum_divergens,Perennial,https://en.wikipedia.org/wiki/Sedum_divergens
Sedum Forsterianum,NILL,Cacti/Succulent,NILL
Sedum Glaucophyllum,Sedum_glaucophyllum,Cacti/Succulent,https://en.wikipedia.org/wiki/Sedum_glaucophyllum
Sedum Hispanicum,Sedum_hispanicum,Cacti/Succulent,https://en.wikipedia.org/wiki/Sedum_hispanicum
Sedum Kamtschaticum,NILL,Perennial,NILL
Sedum Lineare,Sedum_lineare,Cacti/Succulent,https://en.wikipedia.org/wiki/Sedum_lineare
Sedum Nevii,,Cacti/Succulent,
Sedum Pulchellum,Sedum_pulchellum,Cacti/Succulent,https://en.wikipedia.org/wiki/Sedum_pulchellum
Sedum Reflexum,Sedum_reflexum,Cacti/Succulent,https://en.wikipedia.org/wiki/Sedum_reflexum
Sedum Rubrotinctum,Sedum_rubrotinctum,Perennial,https://en.wikipedia.org/wiki/Sedum_rubrotinctum
Sedum Spathulifolium,Sedum_spathulifolium,Cacti/Succulent,https://en.wikipedia.org/wiki/Sedum_spathulifolium
Sedum Ternatum,Sedum_ternatum,Perennial,https://en.wikipedia.org/wiki/Sedum_ternatum
Selaginella Kraussiana,Selaginella_kraussiana,Perennial,https://en.wikipedia.org/wiki/Selaginella_kraussiana
Senecio Mandraliscae,NILL,Shrub,NILL
Sequoia Sempervirens,Sequoia_sempervirens,Tree,https://en.wikipedia.org/wiki/Sequoia_sempervirens
Sequoiadendron Giganteum,Sequoiadendron_giganteum,Tree,https://en.wikipedia.org/wiki/Sequoiadendron_giganteum
Serenoa Repens,Serenoa,Tropical,https://en.wikipedia.org/wiki/Serenoa
Sesbania Punicea,Sesbania_punicea,Shrub,https://en.wikipedia.org/wiki/Sesbania_punicea
Sesleria Autumnalis,NILL,Grass (Ornamental),NILL
Sesleria Heufleriana,Sesleria_heufleriana,Grass (Ornamental),https://en.wikipedia.org/wiki/Sesleria_heufleriana
Sidalcea Hendersonii,Sidalcea_hendersonii,Perennial,https://en.wikipedia.org/wiki/Sidalcea_hendersonii
Silene Acaulis,Silene_acaulis,Perennial,https://en.wikipedia.org/wiki/Silene_acaulis
Simmondsia Chinensis,Jojoba,Shrub,https://en.wikipedia.org/wiki/Jojoba
Sisyrinchium Montanum,Sisyrinchium_montanum,Grass (Ornamental),https://en.wikipedia.org/wiki/Sisyrinchium_montanum
Skimmia Japonica,Skimmia_japonica,Shrub,https://en.wikipedia.org/wiki/Skimmia_japonica
Solanum laxum,Solanum_laxum,Vine,https://en.wikipedia.org/wiki/Solanum_laxum
Solanum Melongena,Eggplant,Vegetable,https://en.wikipedia.org/wiki/Eggplant
Solanum Tuberosum,Solanum_tuberosum,Vegetable,https://en.wikipedia.org/wiki/Solanum_tuberosum
Soleirolia Soleirolii,Soleirolia,Annual,https://en.wikipedia.org/wiki/Soleirolia
Solenostemon Scutellarioides,Plectranthus_scutellarioides,Annual,https://en.wikipedia.org/wiki/Plectranthus_scutellarioides
Solidago Caesia,Solidago_caesia,Perennial,https://en.wikipedia.org/wiki/Solidago_caesia
Solidago Sempervirens,Solidago_sempervirens,Perennial,https://en.wikipedia.org/wiki/Solidago_sempervirens
Sollya Heterophylla,Billardiera_heterophylla,Shrub,https://en.wikipedia.org/wiki/Billardiera_heterophylla
Sorbaria Sorbifolia,Sorbaria_sorbifolia,Shrub,https://en.wikipedia.org/wiki/Sorbaria_sorbifolia
Sorbus Aucuparia,Sorbus_aucuparia,Tree,https://en.wikipedia.org/wiki/Sorbus_aucuparia
Sorbus Decora,Sorbus_decora,Tree,https://en.wikipedia.org/wiki/Sorbus_decora
Sparaxis Tricolor,Sparaxis_tricolor,Perennial,https://en.wikipedia.org/wiki/Sparaxis_tricolor
Spartina Bakeri,Spartina_bakeri,Grass (Ornamental),https://en.wikipedia.org/wiki/Spartina_bakeri
Spartium Junceum,Spartium,Shrub,https://en.wikipedia.org/wiki/Spartium
Spathodea Campanulata,Spathodea,Tree,https://en.wikipedia.org/wiki/Spathodea
Spathoglottis Plicata,Spathoglottis_plicata,Tropical,https://en.wikipedia.org/wiki/Spathoglottis_plicata
Sphaeralcea Ambigua,Sphaeralcea_ambigua,Perennial,https://en.wikipedia.org/wiki/Sphaeralcea_ambigua
Spilanthes Oleracea,Acmella_oleracea,Annual,https://en.wikipedia.org/wiki/Acmella_oleracea
Spinacia Oleracea,Spinach,Vegetable,https://en.wikipedia.org/wiki/Spinach
Spiraea Albiflora,NILL,Shrub,NILL
Spiraea Japonica,Spiraea_japonica,Shrub,https://en.wikipedia.org/wiki/Spiraea_japonica
Spiraea Thunbergii,Spiraea_thunbergii,Shrub,https://en.wikipedia.org/wiki/Spiraea_thunbergii
Stachytarpheta Jamaicensis,Stachytarpheta_jamaicensis,Perennial,https://en.wikipedia.org/wiki/Stachytarpheta_jamaicensis
Stevia Rebaudiana,Stevia_rebaudiana,Herb,https://en.wikipedia.org/wiki/Stevia_rebaudiana
Stipa Barbata,Stipa_barbata,Grass (Ornamental),https://en.wikipedia.org/wiki/Stipa_barbata
Stokesia Laevis,Stokesia_laevis,Perennial,https://en.wikipedia.org/wiki/Stokesia_laevis
Strelitzia Nicolai,Strelitzia_nicolai,House Plant,https://en.wikipedia.org/wiki/Strelitzia_nicolai
Strelitzia Reginae,Strelitzia_reginae,House Plant,https://en.wikipedia.org/wiki/Strelitzia_reginae
Streptosolen Jamesonii,Streptosolen,Shrub,https://en.wikipedia.org/wiki/Streptosolen
Syagrus Romanzoffiana,Syagrus_romanzoffiana,House Plant,https://en.wikipedia.org/wiki/Syagrus_romanzoffiana
Symphoricarpos Albus,Symphoricarpos_albus,Shrub,https://en.wikipedia.org/wiki/Symphoricarpos_albus
Synsepalum Dulcificum,Synsepalum_dulcificum,Tree,https://en.wikipedia.org/wiki/Synsepalum_dulcificum
Syringa Josikaea,Syringa_josikaea,Shrub,https://en.wikipedia.org/wiki/Syringa_josikaea
Syringa Meyeri,Syringa_pubescens,Shrub,https://en.wikipedia.org/wiki/Syringa_pubescens
Syringa Pekinensis,NILL,Shrub,NILL
Syringa Reticulata,Syringa_reticulata,Shrub,https://en.wikipedia.org/wiki/Syringa_reticulata
Syringa Villosa,Syringa_villosa,Shrub,https://en.wikipedia.org/wiki/Syringa_villosa
Syringa Vulgaris,Syringa_vulgaris,Shrub,https://en.wikipedia.org/wiki/Syringa_vulgaris
Syzygium Paniculatum,Syzygium_paniculatum,Tree,https://en.wikipedia.org/wiki/Syzygium_paniculatum
Tabebuia Heterophylla,Tabebuia_heterophylla,Tree,https://en.wikipedia.org/wiki/Tabebuia_heterophylla
Tagetes Erecta,Tagetes_erecta,Annual,https://en.wikipedia.org/wiki/Tagetes_erecta
Tagetes Lemmonii,Tagetes_lemmonii,Perennial,https://en.wikipedia.org/wiki/Tagetes_lemmonii
Tagetes Lucida,Tagetes_lucida,Herb,https://en.wikipedia.org/wiki/Tagetes_lucida
Tagetes Patula,Tagetes_patula,Annual,https://en.wikipedia.org/wiki/Tagetes_patula
Taxodium Distichum,Taxodium_distichum,Tree,https://en.wikipedia.org/wiki/Taxodium_distichum
Tecoma Stans,Tecoma_stans,House Plant,https://en.wikipedia.org/wiki/Tecoma_stans
Teucrium Chamaedrys,Teucrium_chamaedrys,Perennial,https://en.wikipedia.org/wiki/Teucrium_chamaedrys
Thalia Dealbata,Thalia_dealbata,Perennial,https://en.wikipedia.org/wiki/Thalia_dealbata
Thalictrum Aquilegifolium,Thalictrum_aquilegiifolium,Perennial,https://en.wikipedia.org/wiki/Thalictrum_aquilegiifolium
Thermopsis Villosa,Thermopsis_villosa,Perennial,https://en.wikipedia.org/wiki/Thermopsis_villosa
Thevetia Peruviana,Cascabela_thevetia,Perennial,https://en.wikipedia.org/wiki/Cascabela_thevetia
Thrinax Radiata,Thrinax_radiata,Tropical,https://en.wikipedia.org/wiki/Thrinax_radiata
Thuja Plicata,Thuja_plicata,Tree,https://en.wikipedia.org/wiki/Thuja_plicata
Thunbergia Alata,Thunbergia_alata,Annual,https://en.wikipedia.org/wiki/Thunbergia_alata
Thunbergia Erecta,Thunbergia_erecta,Annual,https://en.wikipedia.org/wiki/Thunbergia_erecta
Thunbergia Grandiflora,Thunbergia_grandiflora,Annual,https://en.wikipedia.org/wiki/Thunbergia_grandiflora
Thymus Vulgaris,Thymus_vulgaris,Herb,https://en.wikipedia.org/wiki/Thymus_vulgaris
Tiarella Cordifolia,Tiarella_cordifolia,Perennial,https://en.wikipedia.org/wiki/Tiarella_cordifolia
Tibouchina Heteromalla,Tibouchina_heteromalla,Shrub,https://en.wikipedia.org/wiki/Tibouchina_heteromalla
Tibouchina Urvilleana,Tibouchina_urvilleana,Shrub,https://en.wikipedia.org/wiki/Tibouchina_urvilleana
Tilia Cordata,Tilia_cordata,Tree,https://en.wikipedia.org/wiki/Tilia_cordata
Tipuana Tipu,Tipuana,Tree,https://en.wikipedia.org/wiki/Tipuana
Tithonia Rotundifolia,Tithonia_rotundifolia,Annual,https://en.wikipedia.org/wiki/Tithonia_rotundifolia
Torenia Fournieri,Torenia_fournieri,Annual,https://en.wikipedia.org/wiki/Torenia_fournieri
Trachycarpus Fortunei,Trachycarpus_fortunei,Tree,https://en.wikipedia.org/wiki/Trachycarpus_fortunei
Tradescantia Hirsuticaulis,Tradescantia_hirsuticaulis,Perennial,https://en.wikipedia.org/wiki/Tradescantia_hirsuticaulis
Tradescantia Ohiensis,Tradescantia_ohiensis,Perennial,https://en.wikipedia.org/wiki/Tradescantia_ohiensis
Tradescantia Spathacea,Tradescantia_spathacea,Perennial,https://en.wikipedia.org/wiki/Tradescantia_spathacea
Tricyrtis Hirta,Tricyrtis_hirta,Perennial,https://en.wikipedia.org/wiki/Tricyrtis_hirta
Triteleia Laxa,Triteleia_laxa,Flowering Bulb,https://en.wikipedia.org/wiki/Triteleia_laxa
Tropaeolum Majus,Tropaeolum_majus,Annual,https://en.wikipedia.org/wiki/Tropaeolum_majus
Tsuga Canadensis,Tsuga_canadensis,Tree,https://en.wikipedia.org/wiki/Tsuga_canadensis
Tsuga Heterophylla,Tsuga_heterophylla,Tree,https://en.wikipedia.org/wiki/Tsuga_heterophylla
Tsuga Mertensiana,Tsuga_mertensiana,Tree,https://en.wikipedia.org/wiki/Tsuga_mertensiana
Turnera Ulmifolia,Turnera_ulmifolia,Tropical,https://en.wikipedia.org/wiki/Turnera_ulmifolia
Ugni Molinae,Ugni_molinae,Tree,https://en.wikipedia.org/wiki/Ugni_molinae
Ulmus Americana,Ulmus_americana,Tree,https://en.wikipedia.org/wiki/Ulmus_americana
Vaccinium Angustifolium,Vaccinium_angustifolium,Fruit,https://en.wikipedia.org/wiki/Vaccinium_angustifolium
Vaccinium Corymbosum,Vaccinium_corymbosum,Fruit,https://en.wikipedia.org/wiki/Vaccinium_corymbosum
Vaccinium Elliottii,Vaccinium_elliottii,Fruit,https://en.wikipedia.org/wiki/Vaccinium_elliottii
Vaccinium Macrocarpon,Vaccinium_macrocarpon,Fruit,https://en.wikipedia.org/wiki/Vaccinium_macrocarpon
Valeriana Officinalis,Valerian_(herb),Perennial,https://en.wikipedia.org/wiki/Valeriana_officinalis
Vauquelinia Californica,Vauquelinia_californica,Tree,https://en.wikipedia.org/wiki/Vauquelinia_californica
Verbena Hastata,Verbena_hastata,Perennial,https://en.wikipedia.org/wiki/Verbena_hastata
Verbena Stricta,Verbena_stricta,Perennial,https://en.wikipedia.org/wiki/Verbena_stricta
Vernonia Noveboracensis,Vernonia_noveboracensis,Perennial,https://en.wikipedia.org/wiki/Vernonia_noveboracensis
Veronica Spicata,Veronica_spicata,Perennial,https://en.wikipedia.org/wiki/Veronica_spicata
Veronicastrum Virginicum,Veronicastrum_virginicum,Perennial,https://en.wikipedia.org/wiki/Veronicastrum_virginicum
Viburnum Carlesii,Viburnum_carlesii,Shrub,https://en.wikipedia.org/wiki/Viburnum_carlesii
Viburnum Dentatum,Viburnum_dentatum,Shrub,https://en.wikipedia.org/wiki/Viburnum_dentatum
Viburnum Japonicum,NILL,Shrub,NILL
Viburnum Lentago,Viburnum_lentago,Shrub,https://en.wikipedia.org/wiki/Viburnum_lentago
Viburnum Obovatum,NILL,Shrub,NILL
Viburnum Odoratissimum,Viburnum_odoratissimum,Shrub,https://en.wikipedia.org/wiki/Viburnum_odoratissimum
Viburnum Opulus,Viburnum_opulus,Shrub,https://en.wikipedia.org/wiki/Viburnum_opulus
Viburnum Rhytidophyllum,Viburnum_rhytidophyllum,Shrub,https://en.wikipedia.org/wiki/Viburnum_rhytidophyllum
Viburnum Suspensum,Viburnum_suspensum,Shrub,https://en.wikipedia.org/wiki/Viburnum_suspensum
Vigna Caracalla,Cochliasanthus,Perennial,https://en.wikipedia.org/wiki/Cochliasanthus
Vinca Major,Vinca_major,Perennial,https://en.wikipedia.org/wiki/Vinca_major
Vinca Minor,Vinca_minor,Perennial,https://en.wikipedia.org/wiki/Vinca_minor
Viola Labradorica,Viola_labradorica,Perennial,https://en.wikipedia.org/wiki/Viola_labradorica
Viola Odorata,Viola_odorata,Perennial,https://en.wikipedia.org/wiki/Viola_odorata
Vitis Rotundifolia,Vitis_rotundifolia,Fruit,https://en.wikipedia.org/wiki/Vitis_rotundifolia
Washingtonia Filifera,Washingtonia_filifera,Tree,https://en.wikipedia.org/wiki/Washingtonia_filifera
Weigela Florida,NILL,Shrub,NILL
Wisteria Floribunda,Wisteria_floribunda,Vine,https://en.wikipedia.org/wiki/Wisteria_floribunda
Wisteria Frutescens,Wisteria_frutescens,Vine,https://en.wikipedia.org/wiki/Wisteria_frutescens
Woodwardia Fimbriata,Woodwardia_fimbriata,Fern,https://en.wikipedia.org/wiki/Woodwardia_fimbriata
Xylosma Congestum,Xylosma_congestum,Shrub,https://en.wikipedia.org/wiki/Xylosma_congestum
Zamia Furfuracea,Zamia_furfuracea,House Plant,https://en.wikipedia.org/wiki/Zamia_furfuracea
Zantedeschia Albomaculata,Zantedeschia_albomaculata,Tropical,https://en.wikipedia.org/wiki/Zantedeschia_albomaculata
Zelkova Serrata,Zelkova_serrata,Tree,https://en.wikipedia.org/wiki/Zelkova_serrata
Zephyranthes Grandiflora,Zephyranthes_minuta,Perennial,https://en.wikipedia.org/wiki/Zephyranthes_minuta
Zingiber Zerumbet,Zingiber_zerumbet,Tropical,https://en.wikipedia.org/wiki/Zingiber_zerumbet